submission_id,performance_detail_submission_id,disease_target,primary_use_case,manufacturer,submission_title,type_of_technology,self_testing_self_collection,assay_target,test_format,target_analyte,validated_sample_types,instrument_requirement,level_of_automation,laboratory_point_of_care,time_to_result,connectivity,regulatory_status,sensitivity,specificity,stage_of_development,technology_principle,permalink,find_evaluation,regex,country,region
a0B6900001U5HpJ,a266900000AWN1a,Chagas Disease,Diagnostic/confirmatory test,EUROIMMUN AG,Anti-Trypanosoma cruzi ELISA (IgG),Immunoassay,Intended for professional use only,Antibody (serological),IA Reagent Kit,Chagas IgG,Serum; Plasma,Standard lab instrumentation is required,Fully automated (including sample preparation),Lab-based,120,No,Australia TGA; Brazil ANVISA; CE-IVD,0,0,Regulatory Achieved,ELISA/EIA,https://euroimmun.de,No,^(?!.*east).*germany|^(?=.*\bfed.*\brep).*german,Germany,Europe
a0B6900001U5KDX,a266900000AWN4I,Schistosomiasis,Diagnostic/confirmatory test,EUROIMMUN AG,Anti-Schistosoma ELISA (IgG),Immunoassay,Intended for professional use only,Antibody (serological),IA Reagent Kit,Schisto IgG,Serum; Plasma,Standard lab instrumentation is required,Fully automated (including sample preparation),Lab-based,120,No,Australia TGA; Brazil ANVISA; Health Canada; CE-IVD,0,0,Regulatory Achieved,ELISA/EIA,https://euroimmun.de,No,^(?!.*east).*germany|^(?=.*\bfed.*\brep).*german,Germany,Europe
a0B6900001U5MwU,a266900000AWN6s,Buruli ulcer,Diagnostic/confirmatory test,Kumasi Centre for Collaborative Research - Kwame Nkrumah University of Science and Technology,BU-RPA,Molecular,Intended for professional use only,DNA,NAT reagent kit - open source,Other,Wound swab; Aspirate,A proprietary/new instrument is required,Automated (excluding sample preparation),Lab-based,20,No,None,88,100,Validation,RPA,https://kccr-ghana.org,No,ghana|gold.?coast,Ghana,Africa
a0B6900001U5QXJ,a266900000AWN8Z,Buruli ulcer,Diagnostic/confirmatory test,"Shanghai Chemtron Biotech Co., ltd.",Filariasis IgG/IgM Antibody Rapid Test,Immunoassay,Intended for professional use only,Antibody (serological),Rapid diagnostic test (strip or cassette),LF IgG; LF IgM,Serum; Plasma; Whole Blood,No instrumentation is required,Manual,near Point of Care,10,No,None,0,0,Validation,Lateral Flow Assay,https://chemtronbio.com,No,^(?!.*\bmac)(?!.*\bhong)(?!.*\btai)(?!.*\brep).*china|^(?=.*peo)(?=.*rep).*china,China,Asia
a0B6900001U5QOv,a266900000AWN8U,Chagas Disease,Diagnostic/confirmatory test,"Shanghai Chemtron Biotech Co., ltd.",Chagas Antibody Rapid Test,Immunoassay,Intended for professional use only,Antibody (serological),Rapid diagnostic test (strip or cassette),Chagas IgG,Serum; Plasma; Whole Blood,No instrumentation is required,Manual,near Point of Care,10,No,None,0,0,Validation,Lateral Flow Assay,https://chemtronbio.com,No,^(?!.*\bmac)(?!.*\bhong)(?!.*\btai)(?!.*\brep).*china|^(?=.*peo)(?=.*rep).*china,China,Asia
a0B6900001U5SGA,a266900000AWNB4,Schistosomiasis,Diagnostic/confirmatory test,"Shanghai Chemtron Biotech Co., ltd.",Schistosomiasis Antibody Rapid Test,Immunoassay,Intended for professional use only,Antibody (serological),Rapid diagnostic test (strip or cassette),Schisto Total Antibody,Serum,No instrumentation is required,Manual,Lab-based,10,No,None,0,0,Validation,Lateral Flow Assay,https://chemtronbio.com,No,^(?!.*\bmac)(?!.*\bhong)(?!.*\btai)(?!.*\brep).*china|^(?=.*peo)(?=.*rep).*china,China,Asia
a0B6900001U5SGe,a266900000AWNB9,Human African Trypanosomiasis (HAT),Diagnostic/confirmatory test,"Shanghai Chemtron Biotech Co., ltd.",Human African Trypanosomiasis Antibody Rapid Test,Immunoassay,Intended for professional use only,Antibody (serological),Rapid diagnostic test (strip or cassette),Unknown,Serum; Plasma; Whole Blood,No instrumentation is required,Manual,Lab-based,10,No,None,0,0,Validation,Lateral Flow Assay,https://chemtronbio.com,No,^(?!.*\bmac)(?!.*\bhong)(?!.*\btai)(?!.*\brep).*china|^(?=.*peo)(?=.*rep).*china,China,Asia
a0B6900001U5SFv,a266900000AWNAz,Onchocerciasis,Diagnostic/confirmatory test,"Shanghai Chemtron Biotech Co., ltd.",Onchocerciasis Antibody Rapid Test,Immunoassay,Intended for professional use only,Antibody (serological),Rapid diagnostic test (strip or cassette),Oncho IgG,Serum; Plasma; Whole Blood,No instrumentation is required,Manual,near Point of Care,10,No,None,0,0,Validation,Lateral Flow Assay,https://chemtronbio.com,No,^(?!.*\bmac)(?!.*\bhong)(?!.*\btai)(?!.*\brep).*china|^(?=.*peo)(?=.*rep).*china,China,Asia
a0B6900001U5SFb,a266900000AWNAu,Visceral Leishmaniasis,Diagnostic/confirmatory test,"Shanghai Chemtron Biotech Co., ltd.",Leishmania IgG/IgM Antibody Rapid Test,Immunoassay,Intended for professional use only,Antibody (serological),Rapid diagnostic test (strip or cassette),VL IgG; VL IgM,Serum; Plasma; Whole Blood,Standard lab instrumentation is required,Manual,near Point of Care,10,No,None,0,0,Validation,Lateral Flow Assay,https://chemtronbio.com,No,^(?!.*\bmac)(?!.*\bhong)(?!.*\btai)(?!.*\brep).*china|^(?=.*peo)(?=.*rep).*china,China,Asia
a0B6900001U5UgG,a266900000AWNCb,Cysticercosis,Diagnostic/confirmatory test,"Kephera Diagnostics, LLC",Neurocysticercosis (T. solium) ELISA,Immunoassay,Intended for professional use only,Antibody (serological),IA Reagent Kit,Unknown,Serum; Plasma,Standard lab instrumentation is required,Manual,Lab-based,150,No,None,98,99,Validation,ELISA/EIA,https://kephera.com,No,united.?states\b(?!.*islands)|\bu\.?s\.?a\.?\b|^\s*u\.?s\.?\b(?!.*islands),United States,North America
a0B6900001U5Udp,a266900000AWNCR,Lymphatic Filariasis,Diagnostic/confirmatory test,SD BIOSENSOR INC,STANDARD Q  Filariasis Ag Test,Immunoassay,Intended for professional use only,Antigen,Rapid diagnostic test (strip or cassette),Unknown,Serum; Plasma; Whole Blood,No instrumentation is required,Manual,near Point of Care,10,No,Korea MFDS; CE-IVD,100,100,Regulatory Achieved,Lateral Flow Assay,https://sdbiosensor.com,No,^(?!.*d.*p.*r)(?!.*democrat)(?!.*dem.*rep)(?!.*people)(?!.*north).*\bkorea(?!.*d.*p.*r)(?!.*dem.*rep),South Korea,Asia
a0B6900001Lm8nQ,a266900000BF6J6,Chagas Disease,Diagnostic/confirmatory test,Wama Diagnóstica,Imuno-HAI Chagas,Immunoassay,Intended for professional use only,Antibody (serological),Slide Agglutination,Unknown,Serum,No instrumentation is required,Manual,Lab-based,65,No,Brazil ANVISA; CE-IVD,100,95.8,Regulatory Achieved,Agglutination,https://wamadiagnostica.com.br,No,brazil,Brazil,South America
a0B6900001Lm8nR,a266900000BF6J7,Chagas Disease,Diagnostic/confirmatory test,Laboratorio Lemos SRL,HAI CHAGAS POLYCHACO,Immunoassay,Intended for professional use only,Antibody (serological),Slide Agglutination,Unknown,Serum,No instrumentation is required,Manual,Lab-based,120,No,Bolivia AGEMED; Argentina ANMAT,97.6,78.62,Regulatory Achieved,Agglutination,https://lab-lemos.com,No,argentin,Argentina,South America
a0B6900001Lm8nX,a266900000BF6JB,Chagas Disease,Diagnostic/confirmatory test,Vircell S.L.,Chagas IFA IgG + IgM,Immunoassay,Intended for professional use only,Antibody (serological),IA Reagent Kit,Chagas IgG; Chagas IgM,Serum; Plasma,Standard lab instrumentation is required,Manual,Lab-based,NA,No,Brazil ANVISA; CE-IVD,100,100,Regulatory Achieved,Immunofluorescence Assay (microscopy),https://vircell.com,No,spain,Spain,Europe
a0B6900001Lm8na,a266900000BF6JD,Chagas Disease,Diagnostic/confirmatory test,Vircell S.L.,Chagas Virclia IgG + IgM MONOTEST,Immunoassay,Intended for professional use only,Antibody (serological),Chemiluminescent Immunoassay (CLIA),Chagas IgG; Chagas IgM,Serum; Plasma,Standard lab instrumentation is required,Manual,Lab-based,70,No,Brazil ANVISA; CE-IVD; Colombia INVIMA; Ecuador ARCSA,100,99.3,Regulatory Achieved,ELISA/EIA,https://vircell.com,No,spain,Spain,Europe
a0B6900001Lm8nf,a266900000BF6JE,Chagas Disease,NA,Abbott,Architect Chagas,Immunoassay,Intended for professional use only,Antibody (serological),Chemiluminescent Immunoassay (CLIA),Unknown,Unknown,A proprietary/new instrument is required,Fully automated (including sample preparation),Lab-based,NA,Yes,Brazil ANVISA; Colombia INVIMA,98.44,97.96,Regulatory Achieved,ELISA/EIA,https://abbott.com,No,united.?states\b(?!.*islands)|\bu\.?s\.?a\.?\b|^\s*u\.?s\.?\b(?!.*islands),United States,North America
a0B6900001Lm8m7,a266900000BF6JK,Chagas Disease,Diagnostic/confirmatory test,"CTK Biotech, inc.",Onsite Chagas Ab Rapid test,Immunoassay,Intended for professional use only,Antibody (serological),Rapid diagnostic test (strip or cassette),Chagas IgG,Serum; Finger prick blood; Venous blood,No instrumentation is required,Manual,True Point of Care,15,No,Brazil ANVISA; CE-IVD; Colombia INVIMA; Bolivia AGEMED,90.1,90,Regulatory Achieved,Lateral Flow Assay,https://ctkbiotech.com,No,united.?states\b(?!.*islands)|\bu\.?s\.?a\.?\b|^\s*u\.?s\.?\b(?!.*islands),United States,North America
a0B6900001Lm8mA,a266900000BF6JL,Chagas Disease,Diagnostic/confirmatory test,"AccuBioTech Co., ltd.",Accu-Tell Chagas Cassette,Immunoassay,Intended for professional use only,Antibody (serological),Rapid diagnostic test (strip or cassette),Chagas IgG,Serum; Plasma; Finger prick blood; Venous blood,No instrumentation is required,Manual,True Point of Care,15,No,CE-IVD; Bolivia AGEMED,84.6,100,Regulatory Achieved,Lateral Flow Assay,https://accubiotech.com,No,^(?!.*\bmac)(?!.*\bhong)(?!.*\btai)(?!.*\brep).*china|^(?=.*peo)(?=.*rep).*china,China,Asia
a0B6900001Lm8mJ,a266900000BF6JM,Chagas Disease,Triage/Screening,Artron Laboratories Inc.,Chagas Antibody Test Cassette,Immunoassay,Intended for professional use only,Antibody (serological),Rapid diagnostic test (strip or cassette),Chagas IgG; Chagas IgM,Serum; Plasma; Whole Blood,No instrumentation is required,Manual,True Point of Care,NA,No,CE-IVD; Colombia INVIMA; Paraguay DINAVISA,98.5,100,Regulatory Achieved,Lateral Flow Assay,https://artronlab.com,No,canada,Canada,North America
a0B6900001Lm8mK,a266900000BF6JN,Chagas Disease,Diagnostic/confirmatory test,"Chembio Diagnostic Systems, Inc.",Chagas Stat-Pak,Immunoassay,Intended for professional use only,Antibody (serological),Rapid diagnostic test (strip or cassette),Unknown,Serum; Plasma; Finger prick blood; Venous blood,No instrumentation is required,Manual,True Point of Care,15,No,CE-IVD; Colombia INVIMA; Bolivia AGEMED,100,99.3,Regulatory Achieved,Lateral Flow Assay,https://chembio.com,No,united.?states\b(?!.*islands)|\bu\.?s\.?a\.?\b|^\s*u\.?s\.?\b(?!.*islands),United States,North America
a0B6900001Lm8mM,a266900000BF6JO,Chagas Disease,Diagnostic/confirmatory test,Abbott Rapid Diagnostics,SD Bioline Chagas AB rapid test,Immunoassay,Intended for professional use only,Antibody (serological),Rapid diagnostic test (strip or cassette),Unknown,Serum; Plasma; Whole Blood,No instrumentation is required,Manual,True Point of Care,15,No,Brazil ANVISA; CE-IVD; Colombia INVIMA; Bolivia AGEMED; Paraguay DINAVISA; Peru DIGEMID; Ecuador ARCSA; Guatemala DGVRCS; Honduras DGVMN; Argentina ANMAT; Other,90.7,94,Regulatory Achieved,Lateral Flow Assay,https://globalpointofcare.abbott/en/index.html,No,^(?!.*east).*germany|^(?=.*\bfed.*\brep).*german,Germany,Europe
a0B6900001Lm8mN,a266900000BF6JP,Chagas Disease,Diagnostic/confirmatory test,OPERON,Simple Chagas_Stick Chagas,Immunoassay,Intended for professional use only,Antibody (serological),Rapid diagnostic test (strip or cassette),Unknown,Serum,No instrumentation is required,Manual,near Point of Care,10,No,CE-IVD,92.4,97.9,Regulatory Achieved,Lateral Flow Assay,https://operon.es,No,spain,Spain,Europe
a0B6900001Lm8mO,a266900000BF6JQ,Chagas Disease,Diagnostic/confirmatory test,Wiener Lab,WL Check Chagas test,Immunoassay,Intended for professional use only,Antibody (serological),Rapid diagnostic test (strip or cassette),Unknown,Serum; Plasma; Finger prick blood; Venous blood,No instrumentation is required,Manual,True Point of Care,25,No,Brazil ANVISA; CE-IVD; Colombia INVIMA; Bolivia AGEMED; Argentina ANMAT,88.7,97,Regulatory Achieved,Lateral Flow Assay,https://wiener-lab.com,No,argentin,Argentina,South America
a0B6900001Lm8mP,a266900000BF6JR,Chagas Disease,Diagnostic/confirmatory test,"Laboratorios Silanes, S.A. de C.V.",Chagas Instantest,Immunoassay,Intended for professional use only,Antibody (serological),Rapid diagnostic test (strip or cassette),Unknown,Serum; Plasma,No instrumentation is required,Manual,near Point of Care,30,No,Mexico COFEPRIS,79.6,79,Regulatory Achieved,Lateral Flow Assay,https://silanes.com.mx,No,\bmexic,Mexico,North America
a0B6900001Lm8mR,a266900000BF6JT,Chagas Disease,Diagnostic/confirmatory test,OPERON,Simple Chagas WB test,Immunoassay,Intended for professional use only,Antibody (serological),Rapid diagnostic test (strip or cassette),Unknown,Serum; Plasma; Finger prick blood; Venous blood,No instrumentation is required,Manual,True Point of Care,10,No,CE-IVD,81.9,70.7,Regulatory Achieved,Lateral Flow Assay,https://operon.es,No,spain,Spain,Europe
a0B6900001Lm8mT,a266900000BF6JU,Chagas Disease,Diagnostic/confirmatory test,Laboratorio Lemos SRL,Chagas Rapido First Response,Immunoassay,Intended for professional use only,Antibody (serological),Rapid diagnostic test (strip or cassette),Unknown,Serum; Plasma; Finger prick blood; Venous blood,No instrumentation is required,Manual,True Point of Care,20,No,Bolivia AGEMED; Argentina ANMAT,99.5,96.2,Regulatory Achieved,Lateral Flow Assay,https://lab-lemos.com,No,argentin,Argentina,South America
a0B6900001Lm8np,a266900000BF6JX,Chagas Disease,Diagnostic/confirmatory test,Wiener Lab,T. cruzi DNA qPCR kit,Molecular,Intended for professional use only,DNA,NAT reagent kit - open source,Satellite DNA,Whole Blood,Standard lab instrumentation is required,Manual,Lab-based,NA,No,CE-IVD; Argentina ANMAT,72.73,99.15,Regulatory Achieved,qPCR,https://wiener-lab.com,No,argentin,Argentina,South America
a0B6900001Lm8mx,a266900000BF6Iu,Chagas Disease,NA,Werfen,BioELISA Chagas,Immunoassay,Intended for professional use only,Antibody (serological),IA Reagent Kit,Unknown,Serum; Plasma,Standard lab instrumentation is required,Manual,Lab-based,100,No,Colombia INVIMA; Chile ANAMED,100,99.23,Regulatory Achieved,ELISA/EIA,https://werfen.com,No,spain,Spain,Europe
a0B6900001Lm8my,a266900000BF6Iv,Chagas Disease,Diagnostic/confirmatory test,Vircell S.L.,Chagas ELISA IgG + IgM,Immunoassay,Intended for professional use only,Antibody (serological),IA Reagent Kit,Chagas IgG; Chagas IgM,Serum; Plasma,Standard lab instrumentation is required,Manual,Lab-based,100,No,CE-IVD; Colombia INVIMA; Ecuador ARCSA,99.61,97.55,Regulatory Achieved,ELISA/EIA,https://vircell.com,No,spain,Spain,Europe
a0B6900001Lm8n6,a266900000BF6Ix,Chagas Disease,Triage/Screening,DIA.PRO Diagnostic Bioprobes S.r.l.,T.cruzi Ab ELISA,Immunoassay,Intended for professional use only,Antibody (serological),IA Reagent Kit,Chagas IgG; Chagas IgM,Serum; Plasma,Standard lab instrumentation is required,Manual,Lab-based,115,No,CE-IVD; Colombia INVIMA,95.7,97.14,Regulatory Achieved,ELISA/EIA,https://diapro.it,No,italy,Italy,Europe
a0B6900001Lm8nA,a266900000BF6Iy,Chagas Disease,Triage/Screening,Tecnosuma International,Umelisa Chagas,Immunoassay,Intended for professional use only,Antibody (serological),IA Reagent Kit,Chagas IgG,Serum; Plasma; Whole Blood,A proprietary/new instrument is required,Manual,Lab-based,130,Unknown,Brazil ANVISA; Colombia INVIMA; Bolivia AGEMED,92.58,97.55,Regulatory Achieved,ELISA/EIA,https://tecnosuma.co,No,\bcuba,Cuba,North America
a0B6900001Lm8nF,a266900000BF6Iz,Chagas Disease,NA,Omega Diagnostics,Pathozyme Chagas,Immunoassay,Intended for professional use only,Antibody (serological),IA Reagent Kit,Chagas IgG,Serum,Standard lab instrumentation is required,Manual,Lab-based,NA,No,CE-IVD; Ecuador ARCSA,100,100,Regulatory Achieved,ELISA/EIA,https://omegadiagnostics.com,No,united.?kingdom|britain|^u\.?k\.?$,United Kingdom,Europe
a0B6900001Lm8ml,a266900000BF6Io,Chagas Disease,Diagnostic/confirmatory test,Laboratorio Lemos SRL,Chagatek ELISA,Immunoassay,Intended for professional use only,Antibody (serological),IA Reagent Kit,Chagas IgG,Serum,Standard lab instrumentation is required,Manual,Lab-based,70,No,Colombia INVIMA; Bolivia AGEMED; Argentina ANMAT; Chile ANAMED,99.4,99.24,Regulatory Achieved,ELISA/EIA,https://lab-lemos.com,No,argentin,Argentina,South America
a0B6900001Lm8mo,a266900000BF6Ip,Chagas Disease,Diagnostic/confirmatory test,Wiener Lab,Chagatest ELISA recombinante v.4.0,Immunoassay,Intended for professional use only,Antibody (serological),IA Reagent Kit,Chagas IgG,Serum; Plasma,Standard lab instrumentation is required,Manual,Lab-based,130,No,Brazil ANVISA; CE-IVD; Colombia INVIMA; Ecuador ARCSA; Chile ANAMED,98.8,99.62,Regulatory Achieved,ELISA/EIA,https://wiener-lab.com,No,argentin,Argentina,South America
a0B6900001Lm8mr,a266900000BF6Ir,Chagas Disease,Triage/Screening,GrupoBios,ELISA Chagas III,Immunoassay,Intended for professional use only,Antibody (serological),IA Reagent Kit,Chagas Total Antibody,Serum; Plasma,Standard lab instrumentation is required,Manual,Lab-based,110,No,CE-IVD; Colombia INVIMA; Bolivia AGEMED; Ecuador ARCSA; Chile ANAMED,99.4,99.61,Regulatory Achieved,ELISA/EIA,https://grupobios.cl,No,\bchile,Chile,South America
a0B6900001Lm8mv,a266900000BF6Is,Chagas Disease,Diagnostic/confirmatory test,Research Institute for Health Sciences (University of Asuncion),Chagas Test ELISA,Immunoassay,Intended for professional use only,Antibody (serological),IA Reagent Kit,Chagas IgG,Serum; Whole Blood,Standard lab instrumentation is required,Manual,Lab-based,110,No,Unknown,97.02,99.6,Regulatory Achieved,ELISA/EIA,NA,No,paraguay,Paraguay,South America
a0B6900001Lm8mw,a266900000BF6It,Chagas Disease,Diagnostic/confirmatory test,Research Institute for Health Sciences (University of Asuncion),Chagas V2-IICS,Immunoassay,Intended for professional use only,Antibody (serological),IA Reagent Kit,Chagas IgG,Serum,Standard lab instrumentation is required,Manual,Lab-based,60,No,Unknown,98,98,Regulatory Achieved,ELISA/EIA,NA,No,paraguay,Paraguay,South America
a0B6900001Lm8mc,a266900000BF4XO,Chagas Disease,Diagnostic/confirmatory test,Creative Diagnostics,Chagas Ab Rapid Test,Immunoassay,Intended for professional use only,Antibody (serological),Rapid diagnostic test (strip or cassette),Chagas Total Antibody,Serum,No instrumentation is required,Manual,near Point of Care,10,No,None,NA,NA,Research Use Only (RUO),Lateral Flow Assay,https://creative-diagnostics.com,No,united.?states\b(?!.*islands)|\bu\.?s\.?a\.?\b|^\s*u\.?s\.?\b(?!.*islands),United States,North America
a0B6900001Lm8mk,a266900000BF4XW,Chagas Disease,Diagnostic/confirmatory test,"Kephera Diagnostics, LLC",Chagas Disease Rapid Test based on TESA antigen,Immunoassay,Intended for professional use only,Antibody (serological),Rapid diagnostic test (strip or cassette),Unknown,Unknown,No instrumentation is required,Manual,near Point of Care,100,No,None,NA,NA,Early Stage Development (partial prototype),Lateral Flow Assay,https://kephera.com,No,united.?states\b(?!.*islands)|\bu\.?s\.?a\.?\b|^\s*u\.?s\.?\b(?!.*islands),United States,North America
a0B6900001Lm8mH,a266900000BF4XX,Chagas Disease,Diagnostic/confirmatory test,"Hangzhou AllTest Biotech Co.,ltd.",Chagas Rapid Test Cassette (S/P),Immunoassay,Intended for professional use only,Antibody (serological),Rapid diagnostic test (strip or cassette),Chagas IgG,Serum; Plasma,No instrumentation is required,Manual,near Point of Care,15,No,CE-IVD; Bolivia AGEMED,92.9,99,Regulatory Achieved,Lateral Flow Assay,https://alltests.com.cn,No,^(?!.*\bmac)(?!.*\bhong)(?!.*\btai)(?!.*\brep).*china|^(?=.*peo)(?=.*rep).*china,China,Asia
a0B6900001Lm8mI,a266900000BF4XY,Chagas Disease,Diagnostic/confirmatory test,Acro Biotech Inc.,Chagas Rapid Test Cassette S/P,Immunoassay,Intended for professional use only,Antibody (serological),Rapid diagnostic test (strip or cassette),Chagas IgG,Serum; Plasma,No instrumentation is required,Manual,near Point of Care,15,No,CE-IVD; Bolivia AGEMED,92.9,99,Regulatory Achieved,Lateral Flow Assay,https://acrobiotech.com,No,united.?states\b(?!.*islands)|\bu\.?s\.?a\.?\b|^\s*u\.?s\.?\b(?!.*islands),United States,North America
a0B6900001Lm8mY,a266900000BF4XZ,Chagas Disease,Diagnostic/confirmatory test,Rapid Labs ltd.,Chagas Ab Rapid Test,Immunoassay,Intended for professional use only,Antibody (serological),Rapid diagnostic test (strip or cassette),Chagas IgG,Serum; Plasma; Finger prick blood; Venous blood,No instrumentation is required,Manual,True Point of Care,15,No,CE-IVD; Bolivia AGEMED; Ecuador ARCSA,92.9,98.4,Regulatory Achieved,Lateral Flow Assay,https://rapidlabs.co.uk,No,united.?kingdom|britain|^u\.?k\.?$,United Kingdom,Europe
a0B6900001Lm8mV,a266900000BF4Xa,Chagas Disease,Diagnostic/confirmatory test,"Hangzhou AllTest Biotech Co.,ltd.",Chagas Rapid Test Cassette (WB/S/P),Immunoassay,Intended for professional use only,Antibody (serological),Rapid diagnostic test (strip or cassette),Chagas IgG,Serum; Plasma; Finger prick blood; Venous blood,No instrumentation is required,Manual,True Point of Care,15,No,CE-IVD; Bolivia AGEMED; Ecuador ARCSA,92.9,98.4,Regulatory Achieved,Lateral Flow Assay,https://alltests.com.cn,No,^(?!.*\bmac)(?!.*\bhong)(?!.*\btai)(?!.*\brep).*china|^(?=.*peo)(?=.*rep).*china,China,Asia
a0B6900001Lm8mW,a266900000BF4Xb,Chagas Disease,Diagnostic/confirmatory test,Biozek Medical,Chagas Rapid Test Cassette- WB/S/P,Immunoassay,Intended for professional use only,Antibody (serological),Rapid diagnostic test (strip or cassette),Chagas IgG,Serum; Plasma; Finger prick blood; Venous blood,No instrumentation is required,Manual,True Point of Care,15,No,CE-IVD; Bolivia AGEMED; Ecuador ARCSA,92.9,98.4,Regulatory Achieved,Lateral Flow Assay,https://biozek.co.uk,No,^(?!.*\bant)(?!.*\bcarib).*netherlands,Netherlands,Europe
a0B6900001Lm8mX,a266900000BF4Xc,Chagas Disease,Diagnostic/confirmatory test,Acro Biotech Inc.,Chagas Rapid Test Cassette- WB/S/P,Immunoassay,Intended for professional use only,Antibody (serological),Rapid diagnostic test (strip or cassette),Chagas IgG,Serum; Plasma; Finger prick blood; Venous blood,No instrumentation is required,Manual,True Point of Care,15,No,CE-IVD; Bolivia AGEMED; Ecuador ARCSA,92.9,98.4,Regulatory Achieved,Lateral Flow Assay,https://acrobiotech.com,No,united.?states\b(?!.*islands)|\bu\.?s\.?a\.?\b|^\s*u\.?s\.?\b(?!.*islands),United States,North America
a0B6900001Lm8nr,a266900000BF4Xd,Chagas Disease,NA,Progenie Molecular S.L.U.,RealCycler CHAG,Molecular,Intended for professional use only,DNA,NAT reagent kit - proprietary platform,Satellite DNA,Whole Blood,A proprietary instrument/new instrument  (optional),Manual,Lab-based,NA,No,Unknown,NA,NA,Regulatory Achieved,qPCR,https://progenie-molecular.com,No,spain,Spain,Europe
a0B6900001Lm8ns,a266900000BF4Xe,Chagas Disease,NA,"Eiken Chemical Co., Ltd.",Chagas LAMP assay,Molecular,Intended for professional use only,DNA,IA Reagent Kit,Unknown,Unknown,Standard lab instrumentation is required,Manual,near Point of Care,NA,No,None,NA,NA,Early Stage Development (partial prototype),LAMP,https://eiken.co.jp/en,No,japan,Japan,Asia
a0B6900001Lm8nt,a266900000BF4Xf,Chagas Disease,NA,Genesig Primerdesign,T. cruzi primers (Kit format),Molecular,Intended for professional use only,DNA,NAT reagent kit - open source,Unknown,Unknown,Standard lab instrumentation is required,Manual,Lab-based,NA,No,None,NA,NA,Research Use Only (RUO),qPCR,https://genesig.com,No,united.?kingdom|britain|^u\.?k\.?$,United Kingdom,Europe
a0B6900001Lm8nm,a266900000BF4Xg,Chagas Disease,Diagnostic/confirmatory test,altona Diagnostics GmbH,RealStar Chagas PCR Kit,Molecular,Intended for professional use only,DNA,NAT reagent kit - open source,Unknown,Unknown,Standard lab instrumentation is required,Manual,Lab-based,NA,No,CE-IVD,NA,NA,Regulatory Achieved,qPCR,https://altona-diagnostics.com,No,^(?!.*east).*germany|^(?=.*\bfed.*\brep).*german,Germany,Europe
a0B6900001Lm8nn,a266900000BF4Xh,Chagas Disease,Diagnostic/confirmatory test,CerTest Biotec S.L.,VIASURE Trypanosoma cruzi Real Time PCR Detection Kit,Molecular,Intended for professional use only,DNA,NAT reagent kit - open source,Satellite DNA,Serum; Plasma; Whole Blood,Standard lab instrumentation is required,Manual,Lab-based,70,No,CE-IVD,NA,NA,Regulatory Achieved,qPCR,https://certest.es,No,spain,Spain,Europe
a0B6900001Lm8no,a266900000BF4Xi,Chagas Disease,Diagnostic/confirmatory test,DIA.PRO Diagnostic Bioprobes S.r.l.,TCRUZIDNA.CE,Molecular,Intended for professional use only,DNA,NAT reagent kit - open source,Unknown,Whole Blood,Standard lab instrumentation is required,Manual,Lab-based,NA,No,CE-IVD,100,100,Regulatory Achieved,qPCR,https://diapro.it,No,italy,Italy,Europe
a0B6900001Lm8np,a266900000BF4Xj,Chagas Disease,Diagnostic/confirmatory test,Wiener Lab,T. cruzi DNA qPCR kit,Molecular,Intended for professional use only,DNA,NAT reagent kit - open source,Satellite DNA,Whole Blood,Standard lab instrumentation is required,Manual,Lab-based,NA,No,CE-IVD; Argentina ANMAT,81.82,98.7,Regulatory Achieved,qPCR,https://wiener-lab.com,No,argentin,Argentina,South America
a0B6900001Lm8nq,a266900000BF4Xk,Chagas Disease,NA,Vivantis Technologies Sdn Bhd,ViPrimePLUS Trypasoma cruzi qPCR kit,Molecular,Intended for professional use only,RNA,NAT reagent kit - open source,Chagas 18S rRNA,Whole Blood,Standard lab instrumentation is required,Manual,Lab-based,NA,No,None,NA,NA,Research Use Only (RUO),qPCR,https://vivantechnologies.com,No,malaysia,Malaysia,Asia
a0B6900001Lm8mn,a266900000BF4Vy,Chagas Disease,Diagnostic/confirmatory test,Wiener Lab,Chagatest ELISA lisado,Immunoassay,Intended for professional use only,Antibody (serological),IA Reagent Kit,Chagas IgG,Serum; Plasma,Standard lab instrumentation is required,Manual,Lab-based,95,No,Brazil ANVISA; CE-IVD; Colombia INVIMA; Ecuador ARCSA,100,99.29,Regulatory Achieved,ELISA/EIA,https://wiener-lab.com,No,argentin,Argentina,South America
a0B6900001Lm8mo,a266900000BF4Vz,Chagas Disease,Diagnostic/confirmatory test,Wiener Lab,Chagatest ELISA recombinante v.4.0,Immunoassay,Intended for professional use only,Antibody (serological),IA Reagent Kit,Chagas IgG,Serum; Plasma,Standard lab instrumentation is required,Manual,Lab-based,130,No,Brazil ANVISA; CE-IVD; Colombia INVIMA; Ecuador ARCSA; Chile ANAMED,100,99.66,Regulatory Achieved,ELISA/EIA,https://wiener-lab.com,No,argentin,Argentina,South America
a0B6900001Lm8mp,a266900000BF4W0,Chagas Disease,Diagnostic/confirmatory test,Cellabs Pty Ltd,Cellabs T. cruzi IgG CELISA II,Immunoassay,Intended for professional use only,Antibody (serological),IA Reagent Kit,Chagas IgG,Serum; Plasma,Standard lab instrumentation is required,Manual,Lab-based,115,No,CE-IVD,NA,NA,Regulatory Achieved,ELISA/EIA,https://cellabs.com.au,No,australia,Australia,Oceania
a0B6900001Lm8mr,a266900000BF4W2,Chagas Disease,Triage/Screening,GrupoBios,ELISA Chagas III,Immunoassay,Intended for professional use only,Antibody (serological),IA Reagent Kit,Chagas Total Antibody,Serum; Plasma,Standard lab instrumentation is required,Manual,Lab-based,110,No,CE-IVD; Colombia INVIMA; Bolivia AGEMED; Ecuador ARCSA; Chile ANAMED,100,100,Regulatory Achieved,ELISA/EIA,https://grupobios.cl,No,\bchile,Chile,South America
a0B6900001Lm8ms,a266900000BF4W3,Chagas Disease,Diagnostic/confirmatory test,IBL International GmbH,Chagas (Trypanosoma cruzi) IgG ELISA,Immunoassay,Intended for professional use only,Antibody (serological),IA Reagent Kit,Chagas IgG,Serum; Plasma,Standard lab instrumentation is required,Manual,Lab-based,145,No,CE-IVD; Ecuador ARCSA,100,100,Regulatory Achieved,ELISA/EIA,https://ibl-international.com,No,^(?!.*east).*germany|^(?=.*\bfed.*\brep).*german,Germany,Europe
a0B6900001Lm8mt,a266900000BF4W4,Chagas Disease,Diagnostic/confirmatory test,NovaTec Immundiagnostica GmbH,NovaLisa Chagas (Trypanosoma cruzi),Immunoassay,Intended for professional use only,Antibody (serological),IA Reagent Kit,Chagas IgG,Serum; Plasma,Standard lab instrumentation is required,Manual,Lab-based,145,No,CE-IVD; Bolivia AGEMED; Ecuador ARCSA,100,100,Regulatory Achieved,ELISA/EIA,https://novatec-id.com,No,^(?!.*east).*germany|^(?=.*\bfed.*\brep).*german,Germany,Europe
a0B6900001Lm8mu,a266900000BF4W5,Chagas Disease,Diagnostic/confirmatory test,ATGen Diagnostica,Celquest Chagas ELISA,Immunoassay,Intended for professional use only,Antibody (serological),IA Reagent Kit,Chagas IgG,Serum; Plasma,Standard lab instrumentation is required,Manual,Lab-based,100,No,Colombia INVIMA; Chile ANAMED,99.5,100,Regulatory Achieved,ELISA/EIA,https://atgen.com.uy,No,uruguay,Uruguay,South America
a0B6900001Lm8nP,a266900000BF4Wa,Chagas Disease,Diagnostic/confirmatory test,Wiener Lab,Chagastest HAI,Immunoassay,Intended for professional use only,Antibody (serological),Slide Agglutination,Unknown,Serum,No instrumentation is required,Manual,Lab-based,90,No,Brazil ANVISA; CE-IVD; Colombia INVIMA; Ecuador ARCSA,100,98,Regulatory Achieved,Agglutination,https://wiener-lab.com,No,argentin,Argentina,South America
a0B6900001Lm8nQ,a266900000BF4Wb,Chagas Disease,Diagnostic/confirmatory test,Wama Diagnóstica,Imuno-HAI Chagas,Immunoassay,Intended for professional use only,Antibody (serological),Slide Agglutination,Unknown,Serum,No instrumentation is required,Manual,Lab-based,65,No,Brazil ANVISA; CE-IVD,100,98.7,Regulatory Achieved,Agglutination,https://wamadiagnostica.com.br,No,brazil,Brazil,South America
a0B6900001Lm8nR,a266900000BF4Wc,Chagas Disease,Diagnostic/confirmatory test,Laboratorio Lemos SRL,HAI CHAGAS POLYCHACO,Immunoassay,Intended for professional use only,Antibody (serological),Slide Agglutination,Unknown,Serum,No instrumentation is required,Manual,Lab-based,120,No,Bolivia AGEMED; Argentina ANMAT,100,95,Regulatory Achieved,Agglutination,https://lab-lemos.com,No,argentin,Argentina,South America
a0B6900001Lm8nV,a266900000BF4Wg,Chagas Disease,Diagnostic/confirmatory test,Biocientífica,Inmunofluor Chagas,Immunoassay,Intended for professional use only,Antibody (serological),IA Reagent Kit,Chagas IgG; Chagas IgM; Chagas IgA,Serum,Standard lab instrumentation is required,Manual,Lab-based,150,No,CE-IVD; Bolivia AGEMED; Paraguay DINAVISA; Ecuador ARCSA,70,NA,Regulatory Achieved,Immunofluorescence Assay (microscopy),https://biocientifica.com.ar,No,argentin,Argentina,South America
a0B6900001Lm8nW,a266900000BF4Wh,Chagas Disease,Diagnostic/confirmatory test,Wama Diagnóstica,Imuno-CON Chagas,Immunoassay,Intended for professional use only,Antibody (serological),IA Reagent Kit,Unknown,Serum,Standard lab instrumentation is required,Manual,Lab-based,110,No,Brazil ANVISA; CE-IVD,100,100,Regulatory Achieved,Immunofluorescence Assay (microscopy),https://wamadiagnostica.com.br,No,brazil,Brazil,South America
a0B6900001Lm8nX,a266900000BF4Wi,Chagas Disease,Diagnostic/confirmatory test,Vircell S.L.,Chagas IFA IgG + IgM,Immunoassay,Intended for professional use only,Antibody (serological),IA Reagent Kit,Chagas IgG; Chagas IgM,Serum; Plasma,Standard lab instrumentation is required,Manual,Lab-based,NA,No,Brazil ANVISA; CE-IVD,100,98.6,Regulatory Achieved,Immunofluorescence Assay (microscopy),https://vircell.com,No,spain,Spain,Europe
a0B6900001Lm8nZ,a266900000BF4Wk,Chagas Disease,NA,Trinity Biotech,Trypanosoma cruzi IFA Test System,Immunoassay,Intended for professional use only,Antibody (serological),IA Reagent Kit,Chagas IgG,Serum; Plasma,Standard lab instrumentation is required,Manual,Lab-based,NA,No,CE-IVD,NA,NA,Regulatory Achieved,Immunofluorescence Assay (microscopy),https://trinitybiotech.com,No,^(?!.*north).*\bireland,Ireland,Europe
a0B6900001Lm8na,a266900000BF4Wl,Chagas Disease,Diagnostic/confirmatory test,Vircell S.L.,Chagas Virclia IgG + IgM MONOTEST,Immunoassay,Intended for professional use only,Antibody (serological),Chemiluminescent Immunoassay (CLIA),Chagas IgG; Chagas IgM,Serum; Plasma,Standard lab instrumentation is required,Manual,Lab-based,70,No,Brazil ANVISA; CE-IVD; Colombia INVIMA; Ecuador ARCSA,100,99.3,Regulatory Achieved,ELISA/EIA,https://vircell.com,No,spain,Spain,Europe
a0B6900001Lm8nb,a266900000BF4Wm,Chagas Disease,Diagnostic/confirmatory test,Vircell S.L.,Chagas TESA Virclia IgG + IgM MONOTEST,Immunoassay,Intended for professional use only,Antibody (serological),Chemiluminescent Immunoassay (CLIA),Chagas IgG; Chagas IgM,Serum; Plasma,Standard lab instrumentation is required,Manual,Lab-based,NA,No,CE-IVD; Colombia INVIMA; Ecuador ARCSA,95,100,Regulatory Achieved,ELISA/EIA,https://vircell.com,No,spain,Spain,Europe
a0B6900001Lm8mR,a266900000BF4XH,Chagas Disease,Diagnostic/confirmatory test,OPERON,Simple Chagas WB test,Immunoassay,Intended for professional use only,Antibody (serological),Rapid diagnostic test (strip or cassette),Unknown,Serum; Plasma; Finger prick blood; Venous blood,No instrumentation is required,Manual,True Point of Care,10,No,CE-IVD,93.2,99.1,Regulatory Achieved,Lateral Flow Assay,https://operon.es,No,spain,Spain,Europe
a0B6900001Lm8mS,a266900000BF4XI,Chagas Disease,Diagnostic/confirmatory test,Bio-Manguinhos | Fiocruz,TR Chagas - Bio-Manguinhos,Immunoassay,Intended for professional use only,Antibody (serological),Rapid diagnostic test (strip or cassette),Unknown,Serum; Plasma; Finger prick blood; Venous blood,No instrumentation is required,Manual,True Point of Care,15,No,Brazil ANVISA,99.4,98.5,Regulatory Achieved,Lateral Flow Assay,https://bio.fiocruz.br/index.php/br/,No,brazil,Brazil,South America
a0B6900001Lm8mT,a266900000BF4XJ,Chagas Disease,Diagnostic/confirmatory test,Laboratorio Lemos SRL,Chagas Rapido First Response,Immunoassay,Intended for professional use only,Antibody (serological),Rapid diagnostic test (strip or cassette),Unknown,Serum; Plasma; Finger prick blood; Venous blood,No instrumentation is required,Manual,True Point of Care,20,No,Bolivia AGEMED; Argentina ANMAT,96.4,96,Regulatory Achieved,Lateral Flow Assay,https://lab-lemos.com,No,argentin,Argentina,South America
a0B6900001Lm8mU,a266900000BF4XK,Chagas Disease,NA,VedaLab,Chagas (Trypanosoma cruzi),Immunoassay,Intended for professional use only,Antibody (serological),Rapid diagnostic test (strip or cassette),Unknown,Serum; Plasma; Whole Blood,No instrumentation is required,Manual,True Point of Care,10,No,CE-IVD,NA,NA,Regulatory Achieved,Lateral Flow Assay,https://vedalab.com,No,^(?!.*\bdep)(?!.*martinique).*france|french.?republic|\bgaul,France,Europe
a0B6900001Lm8ma,a266900000BF4XM,Chagas Disease,Diagnostic/confirmatory test,LumiQuick Diagnostics Inc.,Chagas Antibody Test Card,Immunoassay,Intended for professional use only,Antibody (serological),Rapid diagnostic test (strip or cassette),Chagas IgG,Serum; Plasma; Finger prick blood; Venous blood,No instrumentation is required,Manual,True Point of Care,15,No,None,100,100,Research Use Only (RUO),Lateral Flow Assay,https://lumiquick.co,No,united.?states\b(?!.*islands)|\bu\.?s\.?a\.?\b|^\s*u\.?s\.?\b(?!.*islands),United States,North America
a0B6900001Lm8mb,a266900000BF4XN,Chagas Disease,Diagnostic/confirmatory test,Coris BioConcept,Chagas Sero K-SeT rapid diagnostic test (RUO),Immunoassay,Intended for professional use only,Antibody (serological),Rapid diagnostic test (strip or cassette),Chagas IgG,Serum; Plasma,No instrumentation is required,Manual,near Point of Care,15,No,None,73.7,76.3,Research Use Only (RUO),Lateral Flow Assay,https://corisbio.com,No,^(?!.*luxem).*belgium,Belgium,Europe
a0B6900001Lm8mv,a266900000BF4W6,Chagas Disease,Diagnostic/confirmatory test,Research Institute for Health Sciences (University of Asuncion),Chagas Test ELISA,Immunoassay,Intended for professional use only,Antibody (serological),IA Reagent Kit,Chagas IgG,Serum; Whole Blood,Standard lab instrumentation is required,Manual,Lab-based,110,No,Unknown,97,98,Regulatory Achieved,ELISA/EIA,NA,No,paraguay,Paraguay,South America
a0B6900001Lm8mw,a266900000BF4W7,Chagas Disease,Diagnostic/confirmatory test,Research Institute for Health Sciences (University of Asuncion),Chagas V2-IICS,Immunoassay,Intended for professional use only,Antibody (serological),IA Reagent Kit,Chagas IgG,Serum,Standard lab instrumentation is required,Manual,Lab-based,60,No,Unknown,98,98,Regulatory Achieved,ELISA/EIA,NA,No,paraguay,Paraguay,South America
a0B6900001Lm8my,a266900000BF4W9,Chagas Disease,Diagnostic/confirmatory test,Vircell S.L.,Chagas ELISA IgG + IgM,Immunoassay,Intended for professional use only,Antibody (serological),IA Reagent Kit,Chagas IgG; Chagas IgM,Serum; Plasma,Standard lab instrumentation is required,Manual,Lab-based,100,No,CE-IVD; Colombia INVIMA; Ecuador ARCSA,100,98,Regulatory Achieved,ELISA/EIA,https://vircell.com,No,spain,Spain,Europe
a0B6900001Lm8mz,a266900000BF4WA,Chagas Disease,Diagnostic/confirmatory test,Vircell S.L.,Chagas TESA ELISA IgG + IgM,Immunoassay,Intended for professional use only,Antibody (serological),IA Reagent Kit,Chagas IgG; Chagas IgM,Serum; Plasma,Standard lab instrumentation is required,Manual,Lab-based,170,No,CE-IVD; Colombia INVIMA; Ecuador ARCSA,99,99,Regulatory Achieved,ELISA/EIA,https://vircell.com,No,spain,Spain,Europe
a0B6900001Lm8n0,a266900000BF4WB,Chagas Disease,NA,AbCam,Anti-Chagas IgG ELISA Kit,Immunoassay,Intended for professional use only,Antibody (serological),IA Reagent Kit,Chagas IgG,Serum; Plasma,Standard lab instrumentation is required,Manual,Lab-based,145,No,None,100,98.9,Research Use Only (RUO),ELISA/EIA,https://abcam.com,No,united.?kingdom|britain|^u\.?k\.?$,United Kingdom,Europe
a0B6900001Lm8n1,a266900000BF4WC,Chagas Disease,Triage/Screening,"CTK Biotech, inc.",Chagas IgG ELISA CE,Immunoassay,Intended for professional use only,Antibody (serological),IA Reagent Kit,Chagas IgG,Serum; Plasma,Standard lab instrumentation is required,Manual,Lab-based,20,No,Bolivia AGEMED,NA,NA,Regulatory Achieved,ELISA/EIA,https://ctkbiotech.com,No,united.?states\b(?!.*islands)|\bu\.?s\.?a\.?\b|^\s*u\.?s\.?\b(?!.*islands),United States,North America
a0B6900001Lm8n2,a266900000BF4WD,Chagas Disease,Diagnostic/confirmatory test,Diagnostic Automation / Cortez Diagnostics (DACD),AccuDiag Chagas ELISA Kit,Immunoassay,Intended for professional use only,Antibody (serological),IA Reagent Kit,Chagas IgG,Serum; Plasma,Standard lab instrumentation is required,Manual,Lab-based,25,No,CE-IVD,96.3,97.3,Regulatory Achieved,ELISA/EIA,https://rapidtest.com,No,united.?states\b(?!.*islands)|\bu\.?s\.?a\.?\b|^\s*u\.?s\.?\b(?!.*islands),United States,North America
a0B6900001Lm8n3,a266900000BF4WE,Chagas Disease,Diagnostic/confirmatory test,"DRG International, Inc.",DRG Trypanosoma cruzi IgG,Immunoassay,Intended for professional use only,Antibody (serological),IA Reagent Kit,Chagas IgG,Serum; Plasma,Standard lab instrumentation is required,Manual,Lab-based,110,No,CE-IVD,100,100,Regulatory Achieved,ELISA/EIA,https://drg-international.com,No,united.?states\b(?!.*islands)|\bu\.?s\.?a\.?\b|^\s*u\.?s\.?\b(?!.*islands),United States,North America
a0B6900001Lm8n5,a266900000BF4WG,Chagas Disease,Triage/Screening,Ortho Diagnostics & Johson and Jhonson,ORTHO T. cruzi ELISA Test System,Immunoassay,Intended for professional use only,Antibody (serological),IA Reagent Kit,Unknown,Serum; Plasma,A proprietary/new instrument is required,Fully automated (including sample preparation),Lab-based,40,Unknown,CE-IVD,98.9,99,Regulatory Achieved,ELISA/EIA,NA,No,united.?states\b(?!.*islands)|\bu\.?s\.?a\.?\b|^\s*u\.?s\.?\b(?!.*islands),United States,North America
a0B6900001Lm8n6,a266900000BF4WH,Chagas Disease,Triage/Screening,DIA.PRO Diagnostic Bioprobes S.r.l.,T.cruzi Ab ELISA,Immunoassay,Intended for professional use only,Antibody (serological),IA Reagent Kit,Chagas IgG; Chagas IgM,Serum; Plasma,Standard lab instrumentation is required,Manual,Lab-based,115,No,CE-IVD; Colombia INVIMA,100,99.5,Regulatory Achieved,ELISA/EIA,https://diapro.it,No,italy,Italy,Europe
a0B6900001Lm8n7,a266900000BF4WI,Chagas Disease,NA,MyBiosource.com,Tryanosoma cruzi IgG ELISA Kit,Immunoassay,Intended for professional use only,Antibody (serological),IA Reagent Kit,Chagas IgG,Serum; Plasma,Standard lab instrumentation is required,Manual,Lab-based,105,No,Unknown,99,99,Research Use Only (RUO),ELISA/EIA,https://mybiosource.com,No,canada,Canada,North America
a0B6900001Lm8n8,a266900000BF4WJ,Chagas Disease,Diagnostic/confirmatory test,Demeditec Diagnostics GmbH,Chagas (Trypanosoma cruzi) IgG ELISA,Immunoassay,Intended for professional use only,Antibody (serological),IA Reagent Kit,Chagas IgG,Serum; Plasma,Standard lab instrumentation is required,Manual,Lab-based,105,No,CE-IVD,100,100,Regulatory Achieved,ELISA/EIA,https://demeditec.com,No,^(?!.*east).*germany|^(?=.*\bfed.*\brep).*german,Germany,Europe
a0B6900001Lm8n9,a266900000BF4WK,Chagas Disease,NA,"GenWay Biotech, Inc.",Chagas (Trypanosoma cruzi) IgG ELISA,Immunoassay,Intended for professional use only,Antibody (serological),IA Reagent Kit,Chagas IgG,Serum; Plasma,Standard lab instrumentation is required,Manual,Lab-based,105,No,Unknown,NA,NA,Research Use Only (RUO),ELISA/EIA,https://genwaybio.com,No,united.?states\b(?!.*islands)|\bu\.?s\.?a\.?\b|^\s*u\.?s\.?\b(?!.*islands),United States,North America
a0B6900001Lm8nA,a266900000BF4WL,Chagas Disease,Triage/Screening,Tecnosuma International,Umelisa Chagas,Immunoassay,Intended for professional use only,Antibody (serological),IA Reagent Kit,Chagas IgG,Serum; Plasma; Whole Blood,A proprietary/new instrument is required,Manual,Lab-based,130,Unknown,Brazil ANVISA; Colombia INVIMA; Bolivia AGEMED,100,100,Regulatory Achieved,ELISA/EIA,https://tecnosuma.co,No,\bcuba,Cuba,North America
a0B6900001Lm8nC,a266900000BF4WN,Chagas Disease,NA,Human Gesellschaft für Biochemica und Diagnostica mbH,Chagas Rec ELISA,Immunoassay,Intended for professional use only,Antibody (serological),IA Reagent Kit,Unknown,Unknown,Standard lab instrumentation is required,Manual,Lab-based,NA,No,Ecuador ARCSA; Chile ANAMED,NA,NA,Regulatory Achieved,ELISA/EIA,https://human.de,No,^(?!.*east).*germany|^(?=.*\bfed.*\brep).*german,Germany,Europe
a0B6900001Lm8ml,a266900000BF4Vw,Chagas Disease,Diagnostic/confirmatory test,Laboratorio Lemos SRL,Chagatek ELISA,Immunoassay,Intended for professional use only,Antibody (serological),IA Reagent Kit,Chagas IgG,Serum,Standard lab instrumentation is required,Manual,Lab-based,70,No,Colombia INVIMA; Bolivia AGEMED; Argentina ANMAT; Chile ANAMED,100,99,Regulatory Achieved,ELISA/EIA,https://lab-lemos.com,No,argentin,Argentina,South America
a0B6900001Lm8mm,a266900000BF4Vx,Chagas Disease,Diagnostic/confirmatory test,Laboratorio Lemos SRL,Chagatek ELISA Recombinant,Immunoassay,Intended for professional use only,Antibody (serological),IA Reagent Kit,Unknown,Serum; Plasma,Standard lab instrumentation is required,Manual,Lab-based,100,No,Colombia INVIMA; Bolivia AGEMED; Chile ANAMED,NA,NA,Regulatory Achieved,ELISA/EIA,https://lab-lemos.com,No,argentin,Argentina,South America
a0B6900001Lm8nF,a266900000BF4WQ,Chagas Disease,NA,Omega Diagnostics,Pathozyme Chagas,Immunoassay,Intended for professional use only,Antibody (serological),IA Reagent Kit,Chagas IgG,Serum,Standard lab instrumentation is required,Manual,Lab-based,NA,No,CE-IVD; Ecuador ARCSA,97.06,99.34,Regulatory Achieved,ELISA/EIA,https://omegadiagnostics.com,No,united.?kingdom|britain|^u\.?k\.?$,United Kingdom,Europe
a0B6900001Lm8nd,a266900000BF4Ww,Chagas Disease,Diagnostic/confirmatory test,Roche Diagnostics GmbH,Elecsys Chagas,Immunoassay,Intended for professional use only,Antibody (serological),Chemiluminescent Immunoassay (CLIA),Chagas IgG; Chagas IgM; Chagas IgA,Serum; Plasma,A proprietary/new instrument is required,Fully automated (including sample preparation),Lab-based,NA,Unknown,Brazil ANVISA; Colombia INVIMA; Ecuador ARCSA,100,99.9,Regulatory Achieved,ELISA/EIA,https://molecular.roche.com,No,^(?!.*east).*germany|^(?=.*\bfed.*\brep).*german,Germany,Europe
a0B6900001Lm8m7,a266900000BF4Wy,Chagas Disease,Diagnostic/confirmatory test,"CTK Biotech, inc.",Onsite Chagas Ab Rapid test,Immunoassay,Intended for professional use only,Antibody (serological),Rapid diagnostic test (strip or cassette),Chagas IgG,Serum; Finger prick blood; Venous blood,No instrumentation is required,Manual,True Point of Care,15,No,Brazil ANVISA; CE-IVD; Colombia INVIMA; Bolivia AGEMED,92.9,100,Regulatory Achieved,Lateral Flow Assay,https://ctkbiotech.com,No,united.?states\b(?!.*islands)|\bu\.?s\.?a\.?\b|^\s*u\.?s\.?\b(?!.*islands),United States,North America
a0B6900001Lm8m8,a266900000BF4Wz,Chagas Disease,Diagnostic/confirmatory test,Certum Diagnostics,Chagas Rapid Test Cassette,Immunoassay,Intended for professional use only,Antibody (serological),Rapid diagnostic test (strip or cassette),Chagas IgG,Serum; Finger prick blood; Venous blood,No instrumentation is required,Manual,True Point of Care,15,No,Mexico COFEPRIS,92.9,98.4,Regulatory Achieved,Lateral Flow Assay,https://certumdiagnostics.com,No,\bmexic,Mexico,North America
a0B6900001Lm8m9,a266900000BF4X0,Chagas Disease,Diagnostic/confirmatory test,"Meridian Bioscience, Inc.",TruQuick Chagas 40T,Immunoassay,Intended for professional use only,Antibody (serological),Rapid diagnostic test (strip or cassette),Chagas IgG,Serum; Plasma; Finger prick blood; Venous blood,No instrumentation is required,Manual,True Point of Care,20,No,CE-IVD,92.9,98.4,Regulatory Achieved,Lateral Flow Assay,https://meridianbioscience.com,No,united.?states\b(?!.*islands)|\bu\.?s\.?a\.?\b|^\s*u\.?s\.?\b(?!.*islands),United States,North America
a0B6900001Lm8mA,a266900000BF4X1,Chagas Disease,Diagnostic/confirmatory test,"AccuBioTech Co., ltd.",Accu-Tell Chagas Cassette,Immunoassay,Intended for professional use only,Antibody (serological),Rapid diagnostic test (strip or cassette),Chagas IgG,Serum; Plasma; Finger prick blood; Venous blood,No instrumentation is required,Manual,True Point of Care,15,No,CE-IVD; Bolivia AGEMED,99.9,99.5,Regulatory Achieved,Lateral Flow Assay,https://accubiotech.com,No,^(?!.*\bmac)(?!.*\bhong)(?!.*\btai)(?!.*\brep).*china|^(?=.*peo)(?=.*rep).*china,China,Asia
a0B6900001Lm8mB,a266900000BF4X2,Chagas Disease,Diagnostic/confirmatory test,BTNX Inc.,The Rapid Response Chagas Antibody Test Cassette,Immunoassay,Intended for professional use only,Antibody (serological),Rapid diagnostic test (strip or cassette),Chagas IgG,Serum; Plasma; Finger prick blood; Venous blood,No instrumentation is required,Manual,True Point of Care,10,No,CE-IVD,95,99.9,Regulatory Achieved,Lateral Flow Assay,https://btnx.com,No,canada,Canada,North America
a0B6900001Lm8mD,a266900000BF4X4,Chagas Disease,Diagnostic/confirmatory test,Xerion,Chagas AC Cassette,Immunoassay,Intended for professional use only,Antibody (serological),Rapid diagnostic test (strip or cassette),Chagas IgG,Serum; Plasma; Finger prick blood; Venous blood,No instrumentation is required,Manual,True Point of Care,15,No,Colombia INVIMA,100,98.07,Regulatory Achieved,Lateral Flow Assay,https://xerion.com.co,No,colombia,Colombia,South America
a0B6900001Lm8mE,a266900000BF4X5,Chagas Disease,Diagnostic/confirmatory test,Amunet,Amunet prueba rapida Chagas,Immunoassay,Intended for professional use only,Antibody (serological),Rapid diagnostic test (strip or cassette),Chagas IgG,Serum; Plasma,No instrumentation is required,Manual,near Point of Care,15,No,Mexico COFEPRIS,92.9,99.9,Regulatory Achieved,Lateral Flow Assay,https://amunet.com.mx,No,\bmexic,Mexico,North America
a0B6900001Lm8o4,a266900000BF4X6,Chagas Disease,Diagnostic/confirmatory test,"Atlas Link Technology Co., Ltd.",T.cruzi IgG Chagas Test cassette,Immunoassay,Intended for professional use only,Antibody (serological),Rapid diagnostic test (strip or cassette),Chagas IgG,Serum; Plasma,No instrumentation is required,Manual,True Point of Care,15,No,Bolivia AGEMED,92.9,99,Regulatory Achieved,Lateral Flow Assay,https://atlas-link.com,No,^(?!.*\bmac)(?!.*\bhong)(?!.*\btai)(?!.*\brep).*china|^(?=.*peo)(?=.*rep).*china,China,Asia
a0B6900001Lm8mF,a266900000BF4X7,Chagas Disease,Diagnostic/confirmatory test,SPAN BIOTECH LTD.,One-Step Chagas Ab Rapid Test,Immunoassay,Intended for professional use only,Antibody (serological),Rapid diagnostic test (strip or cassette),Chagas IgG,Serum; Plasma; Finger prick blood; Venous blood,No instrumentation is required,Manual,True Point of Care,15,No,China NMPA,92.9,100,Regulatory Achieved,Lateral Flow Assay,https://spanbio.com,No,^(?!.*\bmac)(?!.*\bhong)(?!.*\btai)(?!.*\brep).*china|^(?=.*peo)(?=.*rep).*china,China,Asia
a0B6900001Lm8mG,a266900000BF4X8,Chagas Disease,Diagnostic/confirmatory test,Healgen Scientific LLC/Zhejiang Orient Gene Biotech Co,Chagas Antibody Rapid Test,Immunoassay,Intended for professional use only,Antibody (serological),Rapid diagnostic test (strip or cassette),Chagas IgG,Serum; Plasma; Finger prick blood; Venous blood,No instrumentation is required,Manual,True Point of Care,15,No,CE-IVD,94.7,NA,Regulatory Achieved,Lateral Flow Assay,https://orientgene.com,No,^(?!.*\bmac)(?!.*\bhong)(?!.*\btai)(?!.*\brep).*china|^(?=.*peo)(?=.*rep).*china,China,Asia
a0B6900001Lm8mK,a266900000BF4XA,Chagas Disease,Diagnostic/confirmatory test,"Chembio Diagnostic Systems, Inc.",Chagas Stat-Pak,Immunoassay,Intended for professional use only,Antibody (serological),Rapid diagnostic test (strip or cassette),Unknown,Serum; Plasma; Finger prick blood; Venous blood,No instrumentation is required,Manual,True Point of Care,15,No,CE-IVD; Colombia INVIMA; Bolivia AGEMED,99.8,100,Regulatory Achieved,Lateral Flow Assay,https://chembio.com,No,united.?states\b(?!.*islands)|\bu\.?s\.?a\.?\b|^\s*u\.?s\.?\b(?!.*islands),United States,North America
a0B6900001Lm8mL,a266900000BF4XB,Chagas Disease,Diagnostic/confirmatory test,Diagnostic Automation / Cortez Diagnostics (DACD),OneStep Chagas (Trypanosoma cruzi) Serum/WB/ Plasma RapiDip InstaTest,Immunoassay,Intended for professional use only,Antibody (serological),Rapid diagnostic test (strip or cassette),Unknown,Serum; Plasma; Finger prick blood; Venous blood,No instrumentation is required,Manual,True Point of Care,10,No,CE-IVD,NA,NA,Regulatory Achieved,Lateral Flow Assay,https://rapidtest.com,No,united.?states\b(?!.*islands)|\bu\.?s\.?a\.?\b|^\s*u\.?s\.?\b(?!.*islands),United States,North America
a0B6900001Lm8mM,a266900000BF4XC,Chagas Disease,Diagnostic/confirmatory test,Abbott Rapid Diagnostics,SD Bioline Chagas AB rapid test,Immunoassay,Intended for professional use only,Antibody (serological),Rapid diagnostic test (strip or cassette),Unknown,Serum; Plasma; Whole Blood,No instrumentation is required,Manual,True Point of Care,15,No,Brazil ANVISA; CE-IVD; Colombia INVIMA; Bolivia AGEMED; Paraguay DINAVISA; Peru DIGEMID; Ecuador ARCSA; Guatemala DGVRCS; Honduras DGVMN; Argentina ANMAT; Other,99.2,100,Regulatory Achieved,Lateral Flow Assay,https://globalpointofcare.abbott/en/index.html,No,^(?!.*east).*germany|^(?=.*\bfed.*\brep).*german,Germany,Europe
a0B6900001Lm8mN,a266900000BF4XD,Chagas Disease,Diagnostic/confirmatory test,OPERON,Simple Chagas_Stick Chagas,Immunoassay,Intended for professional use only,Antibody (serological),Rapid diagnostic test (strip or cassette),Unknown,Serum,No instrumentation is required,Manual,near Point of Care,10,No,CE-IVD,98.8,96.2,Regulatory Achieved,Lateral Flow Assay,https://operon.es,No,spain,Spain,Europe
a0B6900001Lm8mO,a266900000BF4XE,Chagas Disease,Diagnostic/confirmatory test,Wiener Lab,WL Check Chagas test,Immunoassay,Intended for professional use only,Antibody (serological),Rapid diagnostic test (strip or cassette),Unknown,Serum; Plasma; Finger prick blood; Venous blood,No instrumentation is required,Manual,True Point of Care,25,No,Brazil ANVISA; CE-IVD; Colombia INVIMA; Bolivia AGEMED; Argentina ANMAT,93.87,97.89,Regulatory Achieved,Lateral Flow Assay,https://wiener-lab.com,No,argentin,Argentina,South America
a0B6900001Lm8nc,a266900000BF4Wn,Chagas Disease,Triage/Screening,Abbott,PRISM Chagas,Immunoassay,Intended for professional use only,Antibody (serological),Chemiluminescent Immunoassay (CLIA),Unknown,Serum; Plasma,A proprietary/new instrument is required,Automated (excluding sample preparation),Lab-based,NA,Unknown,FDA 510k,98.47,98.72,Regulatory Achieved,ELISA/EIA,https://abbott.com,No,united.?states\b(?!.*islands)|\bu\.?s\.?a\.?\b|^\s*u\.?s\.?\b(?!.*islands),United States,North America
a0B6900001Lm8ne,a266900000BF4Wo,Chagas Disease,Diagnostic/confirmatory test,Ortho Diagnostics & Johson and Jhonson,VITROS Immunodiagnostic AntiT.cruzi (Chagas) Controls,Immunoassay,Intended for professional use only,Antibody (serological),Chemiluminescent Immunoassay (CLIA),Unknown,Unknown,A proprietary/new instrument is required,Automated (excluding sample preparation),Lab-based,NA,Unknown,Brazil ANVISA; CE-IVD; Colombia INVIMA,NA,NA,Regulatory Achieved,ELISA/EIA,NA,No,united.?states\b(?!.*islands)|\bu\.?s\.?a\.?\b|^\s*u\.?s\.?\b(?!.*islands),United States,North America
a0B6900001Lm8ml,a266900000AWMTd,Chagas Disease,Diagnostic/confirmatory test,Laboratorio Lemos SRL,Chagatek ELISA,Immunoassay,Intended for professional use only,Antibody (serological),IA Reagent Kit,Chagas IgG,Serum,Standard lab instrumentation is required,Manual,Lab-based,70,No,Colombia INVIMA; Bolivia AGEMED; Argentina ANMAT; Chile ANAMED,100,100,Regulatory Achieved,ELISA/EIA,https://lab-lemos.com,No,argentin,Argentina,South America
a0B6900001Lm8mo,a266900000AWMTe,Chagas Disease,Diagnostic/confirmatory test,Wiener Lab,Chagatest ELISA recombinante v.4.0,Immunoassay,Intended for professional use only,Antibody (serological),IA Reagent Kit,Chagas IgG,Serum; Plasma,Standard lab instrumentation is required,Manual,Lab-based,130,No,Brazil ANVISA; CE-IVD; Colombia INVIMA; Ecuador ARCSA; Chile ANAMED,98.83,97.96,Regulatory Achieved,ELISA/EIA,https://wiener-lab.com,No,argentin,Argentina,South America
a0B6900001Lm8mr,a266900000AWMTf,Chagas Disease,Triage/Screening,GrupoBios,ELISA Chagas III,Immunoassay,Intended for professional use only,Antibody (serological),IA Reagent Kit,Chagas Total Antibody,Serum; Plasma,Standard lab instrumentation is required,Manual,Lab-based,110,No,CE-IVD; Colombia INVIMA; Bolivia AGEMED; Ecuador ARCSA; Chile ANAMED,99.22,97.96,Regulatory Achieved,ELISA/EIA,https://grupobios.cl,No,\bchile,Chile,South America
a0B6900001Lm8mx,a266900000AWMTg,Chagas Disease,NA,Werfen,BioELISA Chagas,Immunoassay,Intended for professional use only,Antibody (serological),IA Reagent Kit,Unknown,Serum; Plasma,Standard lab instrumentation is required,Manual,Lab-based,100,No,Colombia INVIMA; Chile ANAMED,98.05,94.69,Regulatory Achieved,ELISA/EIA,https://werfen.com,No,spain,Spain,Europe
a0B6900001Lm8nQ,a266900000AWMTh,Chagas Disease,Diagnostic/confirmatory test,Wama Diagnóstica,Imuno-HAI Chagas,Immunoassay,Intended for professional use only,Antibody (serological),Slide Agglutination,Unknown,Serum,No instrumentation is required,Manual,Lab-based,65,No,Brazil ANVISA; CE-IVD,86.79,NA,Regulatory Achieved,Agglutination,https://wamadiagnostica.com.br,No,brazil,Brazil,South America
a0B6900001Lm8m7,a266900000AWMTl,Chagas Disease,Diagnostic/confirmatory test,"CTK Biotech, inc.",Onsite Chagas Ab Rapid test,Immunoassay,Intended for professional use only,Antibody (serological),Rapid diagnostic test (strip or cassette),Chagas IgG,Serum; Finger prick blood; Venous blood,No instrumentation is required,Manual,True Point of Care,15,No,Brazil ANVISA; CE-IVD; Colombia INVIMA; Bolivia AGEMED,95.5,96.9,Regulatory Achieved,Lateral Flow Assay,https://ctkbiotech.com,No,united.?states\b(?!.*islands)|\bu\.?s\.?a\.?\b|^\s*u\.?s\.?\b(?!.*islands),United States,North America
a0B6900001Lm8mK,a266900000AWMTm,Chagas Disease,Diagnostic/confirmatory test,"Chembio Diagnostic Systems, Inc.",Chagas Stat-Pak,Immunoassay,Intended for professional use only,Antibody (serological),Rapid diagnostic test (strip or cassette),Unknown,Serum; Plasma; Finger prick blood; Venous blood,No instrumentation is required,Manual,True Point of Care,15,No,CE-IVD; Colombia INVIMA; Bolivia AGEMED,87.2,93.2,Regulatory Achieved,Lateral Flow Assay,https://chembio.com,No,united.?states\b(?!.*islands)|\bu\.?s\.?a\.?\b|^\s*u\.?s\.?\b(?!.*islands),United States,North America
a0B6900001Lm8mM,a266900000AWMTn,Chagas Disease,Diagnostic/confirmatory test,Abbott Rapid Diagnostics,SD Bioline Chagas AB rapid test,Immunoassay,Intended for professional use only,Antibody (serological),Rapid diagnostic test (strip or cassette),Unknown,Serum; Plasma; Whole Blood,No instrumentation is required,Manual,True Point of Care,15,No,Brazil ANVISA; CE-IVD; Colombia INVIMA; Bolivia AGEMED; Paraguay DINAVISA; Peru DIGEMID; Ecuador ARCSA; Guatemala DGVRCS; Honduras DGVMN; Argentina ANMAT; Other,97.6,93.8,Regulatory Achieved,Lateral Flow Assay,https://globalpointofcare.abbott/en/index.html,No,^(?!.*east).*germany|^(?=.*\bfed.*\brep).*german,Germany,Europe
a0B6900001Lm8mN,a266900000AWMTo,Chagas Disease,Diagnostic/confirmatory test,OPERON,Simple Chagas_Stick Chagas,Immunoassay,Intended for professional use only,Antibody (serological),Rapid diagnostic test (strip or cassette),Unknown,Serum,No instrumentation is required,Manual,near Point of Care,10,No,CE-IVD,94.5,88.9,Regulatory Achieved,Lateral Flow Assay,https://operon.es,No,spain,Spain,Europe
a0B6900001Lm8mO,a266900000AWMTp,Chagas Disease,Diagnostic/confirmatory test,Wiener Lab,WL Check Chagas test,Immunoassay,Intended for professional use only,Antibody (serological),Rapid diagnostic test (strip or cassette),Unknown,Serum; Plasma; Finger prick blood; Venous blood,No instrumentation is required,Manual,True Point of Care,25,No,Brazil ANVISA; CE-IVD; Colombia INVIMA; Bolivia AGEMED; Argentina ANMAT,90.5,100,Regulatory Achieved,Lateral Flow Assay,https://wiener-lab.com,No,argentin,Argentina,South America
a0B6900001Lm8mP,a266900000AWMTq,Chagas Disease,Diagnostic/confirmatory test,"Laboratorios Silanes, S.A. de C.V.",Chagas Instantest,Immunoassay,Intended for professional use only,Antibody (serological),Rapid diagnostic test (strip or cassette),Unknown,Serum; Plasma,No instrumentation is required,Manual,near Point of Care,30,No,Mexico COFEPRIS,69.4,84,Regulatory Achieved,Lateral Flow Assay,https://silanes.com.mx,No,\bmexic,Mexico,North America
a0B6900001Lm8mR,a266900000AWMTs,Chagas Disease,Diagnostic/confirmatory test,OPERON,Simple Chagas WB test,Immunoassay,Intended for professional use only,Antibody (serological),Rapid diagnostic test (strip or cassette),Unknown,Serum; Plasma; Finger prick blood; Venous blood,No instrumentation is required,Manual,True Point of Care,10,No,CE-IVD,92.5,96.8,Regulatory Achieved,Lateral Flow Assay,https://operon.es,No,spain,Spain,Europe
a0B6900001Lm8mT,a266900000AWMTt,Chagas Disease,Diagnostic/confirmatory test,Laboratorio Lemos SRL,Chagas Rapido First Response,Immunoassay,Intended for professional use only,Antibody (serological),Rapid diagnostic test (strip or cassette),Unknown,Serum; Plasma; Finger prick blood; Venous blood,No instrumentation is required,Manual,True Point of Care,20,No,Bolivia AGEMED; Argentina ANMAT,95.1,98.3,Regulatory Achieved,Lateral Flow Assay,https://lab-lemos.com,No,argentin,Argentina,South America
a0B6900001Lm8mo,a266900000AWMTv,Chagas Disease,Diagnostic/confirmatory test,Wiener Lab,Chagatest ELISA recombinante v.4.0,Immunoassay,Intended for professional use only,Antibody (serological),IA Reagent Kit,Chagas IgG,Serum; Plasma,Standard lab instrumentation is required,Manual,Lab-based,130,No,Brazil ANVISA; CE-IVD; Colombia INVIMA; Ecuador ARCSA; Chile ANAMED,100,100,Regulatory Achieved,ELISA/EIA,https://wiener-lab.com,No,argentin,Argentina,South America
a0B6900001Lm8mr,a266900000AWMTw,Chagas Disease,Triage/Screening,GrupoBios,ELISA Chagas III,Immunoassay,Intended for professional use only,Antibody (serological),IA Reagent Kit,Chagas Total Antibody,Serum; Plasma,Standard lab instrumentation is required,Manual,Lab-based,110,No,CE-IVD; Colombia INVIMA; Bolivia AGEMED; Ecuador ARCSA; Chile ANAMED,100,100,Regulatory Achieved,ELISA/EIA,https://grupobios.cl,No,\bchile,Chile,South America
a0B6900001Lm8mK,a266900000AWMTy,Chagas Disease,Diagnostic/confirmatory test,"Chembio Diagnostic Systems, Inc.",Chagas Stat-Pak,Immunoassay,Intended for professional use only,Antibody (serological),Rapid diagnostic test (strip or cassette),Unknown,Serum; Plasma; Finger prick blood; Venous blood,No instrumentation is required,Manual,True Point of Care,15,No,CE-IVD; Colombia INVIMA; Bolivia AGEMED,100,100,Regulatory Achieved,Lateral Flow Assay,https://chembio.com,No,united.?states\b(?!.*islands)|\bu\.?s\.?a\.?\b|^\s*u\.?s\.?\b(?!.*islands),United States,North America
a0B6900001Lm8mM,a266900000AWMTz,Chagas Disease,Diagnostic/confirmatory test,Abbott Rapid Diagnostics,SD Bioline Chagas AB rapid test,Immunoassay,Intended for professional use only,Antibody (serological),Rapid diagnostic test (strip or cassette),Unknown,Serum; Plasma; Whole Blood,No instrumentation is required,Manual,True Point of Care,15,No,Brazil ANVISA; CE-IVD; Colombia INVIMA; Bolivia AGEMED; Paraguay DINAVISA; Peru DIGEMID; Ecuador ARCSA; Guatemala DGVRCS; Honduras DGVMN; Argentina ANMAT; Other,97.2,97.7,Regulatory Achieved,Lateral Flow Assay,https://globalpointofcare.abbott/en/index.html,No,^(?!.*east).*germany|^(?=.*\bfed.*\brep).*german,Germany,Europe
a0B6900001Lm8mO,a266900000AWMU0,Chagas Disease,Diagnostic/confirmatory test,Wiener Lab,WL Check Chagas test,Immunoassay,Intended for professional use only,Antibody (serological),Rapid diagnostic test (strip or cassette),Unknown,Serum; Plasma; Finger prick blood; Venous blood,No instrumentation is required,Manual,True Point of Care,25,No,Brazil ANVISA; CE-IVD; Colombia INVIMA; Bolivia AGEMED; Argentina ANMAT,93.4,99.1,Regulatory Achieved,Lateral Flow Assay,https://wiener-lab.com,No,argentin,Argentina,South America
a0B6900001Lm8mT,a266900000AWMU2,Chagas Disease,Diagnostic/confirmatory test,Laboratorio Lemos SRL,Chagas Rapido First Response,Immunoassay,Intended for professional use only,Antibody (serological),Rapid diagnostic test (strip or cassette),Unknown,Serum; Plasma; Finger prick blood; Venous blood,No instrumentation is required,Manual,True Point of Care,20,No,Bolivia AGEMED; Argentina ANMAT,92.2,98.3,Regulatory Achieved,Lateral Flow Assay,https://lab-lemos.com,No,argentin,Argentina,South America
a0B6900001U5ciO,a266900000AWNMC,Buruli ulcer,Triage/Screening,Pinpoint Molecular Ltd,NP Mycobacterium Ulcerans LAMP Test Kit,Molecular,Intended for professional use only,DNA,NAT reagent kit - open source,Unknown,Wound swab,Standard lab instrumentation is required,Manual,True Point of Care,30,No,None,0,0,Research Use Only (RUO),LAMP,https://pop-updiagnostics.com,No,united.?kingdom|britain|^u\.?k\.?$,United Kingdom,Europe
a0B6900001U5i1L,a266900000AWNSh,Lymphatic Filariasis,Diagnostic/confirmatory test,Jei Daniel Biotech Corp,JDBIOTECH Filariasis IgG/IgM Combo Rapid Test,Immunoassay,Intended for professional use only,Antibody (serological),Rapid diagnostic test (strip or cassette),LF IgG; LF IgM,Serum; Plasma; Whole Blood,No instrumentation is required,Manual,near Point of Care,5,No,None,95.83,100,Late Stage Development (fully functional prototype),Lateral Flow Assay,https://www.jeidanielbiotech.com,No,^(?!.*\bmac)(?!.*\bhong)(?!.*\btai)(?!.*\brep).*china|^(?=.*peo)(?=.*rep).*china,China,Asia
a0B6900001OTsb0,a2669000009j2Ld,Chagas Disease,Diagnostic/confirmatory test,INSTITUTO DE BIOLOGIA MOLECULAR DO PARANÁ – IBMP,Kit NAT Chagas,Molecular,Intended for professional use only,DNA,NAT reagent kit - open source,Unknown,Whole Blood,Standard lab instrumentation is required,Manual,Lab-based,NA,Unknown,Brazil ANVISA,NA,NA,Regulatory Achieved,qPCR,https://ibmp.org.br,No,brazil,Brazil,South America
