package_id,performance_id,assay_id,instrument_id,software_id,technology_submission_id,directory,assay_name,instrument_name,package_name,performance_name,find_website_area,test_to_be_listed_on_finds_web_page,confidentiality_level,disease_target,assay_menu,connectivity_companion,connectivity_options,instrument_size,instrument_type,instrument_weight,max_operating_temp,min_operating_temp,multiplexing_range,power_supply,date_of_submission,stage_of_development,regulatory_status,technology_principle,readout_technology,test_format,lab_vs_poc,instrument_footprint,time_to_results_excl_prep,assay_in_development,pleanned_market_entry,assay_target_organism_classes,parallel_processing_capacity,manufacturer_id,manufacturer,city,country,region,permalink,country_tmp,city2,lat,lng
a2v69000003L9fTAAS,NA,a2r69000006ShtwAAC,a2s690000019K1QAAU,NA,NA,Instruments,NA,minoo,P-5474,NA,Molecular POC Instrument,Yes,NA,NA,NA,Mobile application,Bluetooth,9.2x6.7x3.7,NAT platform,0.6,28,21,Low,Battery-operated,2023-06-20 11:19:30,Regulatory Achieved,CE-IVDD,Isothermal RPA,Fluorescence,NAT reagent kit (proprietary platform),True Point of Care,Handheld,18,COVID-19,Already on the market (commercialized),NA,NA,0011r00002PlYfyAAF,midge medical MPS GmbH,Berlin,Germany,European Region,https://midgemedical.com,Germany,"Berlin, Germany",52.52342987,13.41143608
a2v69000003LBoWAAW,NA,a2r69000006Ska5AAC,a2s69000002r1mTAAQ,NA,NA,Instruments,NA,3EO Cube,P-6161,NA,Molecular POC Instrument,Yes,NA,NA,COVID-19,NA,NA,6.85x6.85x7.2,NAT platform,0.165,30,15,Single pathogen,Mains power,2023-11-16 16:47:14,Regulatory Achieved,US FDA EUA,Isothermal LAMP,Fluorescence,One-pot,True Point of Care,Handheld,30,"COVID-19/FluA/FluB, Strep",Already on the market (commercialized),NA,NA,00169000039PmyuAAC,"3EO Health, Inc.",Beverly,United States,Region of the Americas,https://3eohealth.com,United States,"Beverly, United States",42.55216217,-70.8826828
a2v69000003LBoZAAW,NA,a2r69000006Ska8AAC,a2s690000019JyyAAE,NA,NA,Instruments,NA,Cue Reader,P-6164,NA,Molecular POC Instrument,Yes,NA,NA,"COVID-19, mpox",Mobile application,Bluetooth,7.4x7.4x3.7,NAT platform,0.15,35,15,Low,Battery-operated,2023-06-20 11:19:29,Regulatory Achieved,US FDA EUA;CE-IVDD;US FDA De Novo,Isothermal LAMP,Electrochemical,Cartridge-based processing,True Point of Care,Handheld,20,"COVID-19/FLUA/FLUB/RSV, CT/NG, RSV, FluA/FluB, Herpes/mpox",Already on the market (commercialized),NA,NA,0011r00001vqo20AAA,Cue Health,San Diego,United States,Region of the Americas,https://cuehealth.com,United States,"San Diego, United States",32.71575928,-117.16381836
a2v69000003QzOfAAK,NA,a2r6900000859hfAAA,a2s69000002r1mSAAQ,NA,NA,Instruments,NA,1POT Professional,P-6237,NA,Molecular POC Instrument,Yes,NA,NA,COVID-19,Mobile application,Bluetooth,8.5 x 5.65 x 7.03,NAT platform,0.232,35,15,Single pathogen,Battery-operated,2023-11-16 15:46:02,Regulatory Achieved,Korea MFDS;CE-IVDD,Isothermal LAMP,Colorimetric,One-pot,True Point of Care,Handheld,25,"FluA/B, STI, Hepatitis, Malaria",Already on the market (commercialized),NA,NA,0016900002pzqD0AAI,1drop Inc.,Seongnam-si,"Korea, Republic of",Western Pacific Region,https://1drop.co.kr,South Korea,"Seongnam-si, South Korea",37.44055557,127.13583374
a2v69000003QzSEAA0,NA,NA,a2s69000002r1s1AAA,NA,NA,Instruments,NA,3STEP,P-6245,NA,NA,Yes,NA,NA,NA,NA,NA,NA,NAT platform,NA,NA,NA,Unknown,Unknown,2023-11-21 15:08:32,Early Stage Development (partial prototype),None,Unspecified,Unspecified,Unspecified,NA,Small,NA,COVID-19,NA,NA,NA,0016900003DKrAKAA1,Flambeau RapidX,Madison,United States,Region of the Americas,https://flambeaurapidx.com,United States,"Madison, United States",43.07392502,-89.38524628
a2v69000003QzSIAA0,NA,NA,a2s69000002r1rwAAA,NA,NA,Instruments,NA,Domus Molecular Testing Platform,P-6244,NA,Molecular POC Instrument,Yes,NA,NA,COVID-19/Flu A/B/RSV,NA,NA,NA,NAT instrument-free,NA,NA,NA,High,Power-free,2023-11-21 13:55:33,Research Use Only (RUO),None,Isothermal LAMP,Colorimetric,One-pot,True Point of Care,Handheld,30,"Strep A/B, TB, CT/NG, Dengue, Yellow fever, West Nile Virus",Already on the market (commercialized),NA,NA,0016900002tiOO6AAM,Domus Diagnostics,Durham,United States,Region of the Americas,https://domusdx.com,United States,"Durham, United States",35.99694824,-78.89902496
a2v69000003QzTzAAK,NA,NA,a2s69000002r1vZAAQ,NA,NA,Instruments,NA,NovelDx,P-6248,NA,Molecular POC Instrument,Yes,NA,NA,NA,NA,NA,NA,NAT platform,1.8,NA,NA,Medium,Battery-operated,2023-11-23 11:20:49,Early Stage Development (partial prototype),None,PCR (conventional);Isothermal LAMP,Colorimetric;Fluorescence,Cartridge-based processing,True Point of Care,Small,15,"COVID-19/FluA/B/RSV, CT/NG+AMR",Unknown,NA,NA,0016900002z1lAHAAY,"Novel Microdevices, Inc.",Baltimore,United States,Region of the Americas,https://noveldx.com,United States,"Baltimore, United States",39.29044342,-76.61233521
a2v69000003QzU4AAK,NA,NA,a2s69000002r1veAAA,NA,NA,Instruments,NA,CheckIt,P-6249,NA,Molecular POC Instrument,Yes,NA,NA,COVID-19/FluA/B,NA,NA,NA,NAT instrument-free,NA,30,15,Medium,Battery-operated,2023-11-23 11:35:29,Regulatory Achieved,US FDA EUA;CE-IVDD,Isothermal LAMP,Colorimetric,One-pot,True Point of Care,Handheld,30,NA,Already on the market (commercialized),NA,NA,0016900002eT17tAAC,Lucira Health (acquired by Pfizer Inc.),Emeryville,United States,Region of the Americas,https://checkit.lucirahealth.com,United States,"Emeryville, United States",37.83119965,-122.28581238
a2v69000003QzU9AAK,NA,NA,a2s69000002r1vfAAA,NA,NA,Instruments,NA,MagChipR,P-6250,NA,Molecular POC Instrument,Yes,NA,NA,NA,NA,Barcode/QR code scanner,24x30x15,NAT platform,2,35,10,Very high,Mains power,2023-11-23 11:54:29,Late Stage Development (fully functional prototype),None,PCR (conventional);Hybridization,Other,Cartridge-based processing,True Point of Care,Small,20,"6-plex STI (CT/ NG/TV/MG/Marolide resistant NG/Fluroquiolone resistant MG),",Unknown,NA,NA,00169000039PCVUAA4,Magic Lifescience,Mountain View,United States,Region of the Americas,https://magic-lifescience.com,United States,"Mountain View, United States",37.3900795,-122.08139038
a2v69000003QzUJAA0,NA,NA,a2s69000002r1voAAA,NA,NA,Instruments,NA,iSpyDx,P-6252,NA,Molecular POC Instrument,Yes,NA,NA,NA,NA,Wifi,NA,NAT platform,0.91,NA,NA,Single pathogen,Battery-operated,2023-11-23 12:29:38,Late Stage Development (fully functional prototype),None,Isothermal LAMP,Fluorescence,Cartridge-based processing,True Point of Care,Handheld,30,NA,Unknown,NA,NA,0016900002ipscvAAA,OmniVis Inc.,South San Francisco,United States,Region of the Americas,https://omnivistech.com,United States,"South San Francisco, United States",37.65568161,-122.41248322
a2v69000003QzVHAA0,NA,NA,a2s69000002r1xBAAQ,NA,NA,Instruments,NA,EZCheck 3 cassette reader,P-6257,NA,Molecular POC Instrument,Yes,NA,NA,"Respiratory panel, STD, Vector borne disease panel",Mobile application,Bluetooth,13x10x13,NAT platform,NA,NA,NA,Low,Unknown,2023-11-24 08:37:54,Regulatory Status Unknown,Unknown,Isothermal LAMP,Fluorescence,Cartridge-based processing,True Point of Care,Handheld,15,NA,Already on the market (commercialized),NA,NA,0016900003DKzPmAAL,TrustBio,New Taipei City,Taiwan,Western Pacific Region,https://trustbioo.com,Taiwan,"New Taipei City, Taiwan",24.97038078,121.47359467
a2v69000003QzVgAAK,NA,NA,a2s69000002r1xLAAQ,NA,NA,Instruments,NA,EZCheck 6 cassette reader,P-6258,NA,Molecular POC Instrument,Yes,NA,NA,"Respiratory panel, STD, Vector borne disease panel",Mobile application,Bluetooth,17x20x14.5,NAT platform,1.5,NA,NA,Medium,Unknown,2023-11-24 08:56:35,Regulatory Achieved,CE-IVDD,Isothermal LAMP,Fluorescence,Cartridge-based processing,True Point of Care,Small,15,NA,Already on the market (commercialized),NA,NA,0016900003DKzPmAAL,TrustBio,New Taipei City,Taiwan,Western Pacific Region,https://trustbioo.com,Taiwan,"New Taipei City, Taiwan",24.97038078,121.47359467
a2v69000003QzVlAAK,NA,NA,a2s69000002r1xfAAA,NA,NA,Instruments,NA,Visby,P-6259,NA,Molecular POC Instrument,Yes,NA,NA,"COVID-19/FluA/B, CT/NG/TV",NA,NA,6.6x13.7x4.3,NAT instrument-free,NA,33,13,Low,Portable charger compatible,2023-11-24 09:24:51,Regulatory Achieved,US FDA 510k,PCR (conventional);Nucleic Acid Lateral Flow Assay (NA-LFA),Colorimetric,Cartridge-based processing,True Point of Care,Handheld,30,NA,Already on the market (commercialized),NA,NA,0016900002eT0y2AAC,"Visby Medical, Inc",San Jose,United States,Region of the Americas,https://visbymedical.com,United States,"San Jose, United States",37.33479309,-121.88814545
a2v69000003QzVvAAK,NA,NA,a2s69000002r1xuAAA,NA,NA,Instruments,NA,Cube,P-6261,NA,Molecular POC Instrument,Yes,NA,NA,CYP2C19,NA,USB,10.2x10.2x10.2,NAT platform,NA,25,18,Medium,Mains power,2023-11-24 12:32:32,Regulatory Achieved,US FDA 510k,qPCR;Isothermal LAMP,Fluorescence,Cartridge-based processing,True Point of Care,Handheld,60,NA,Already on the market (commercialized),NA,NA,00169000039PyHuAAK,Genomadix Inc.,Kanata,Canada,Region of the Americas,https://genomadix.com,Canada,"Kanata, Canada",45.33033752,-75.90074158
a2v69000003QzWAAA0,NA,NA,a2s69000002r1txAAA,NA,NA,Instruments,NA,apex,P-6262,NA,Molecular POC Instrument,Yes,NA,NA,NA,NA,NA,NA,NAT instrument-free,NA,NA,NA,Unknown,Unknown,2023-11-22 15:41:51,Early Stage Development (partial prototype),None,Unspecified,Unspecified,Unspecified,True Point of Care,Handheld,10,NA,NA,NA,NA,0016900003DKuasAAD,Fuse Diagnostics Ltd.,Saint Ives,United Kingdom,European Region,https://fuse-dx.com,United Kingdom,"Saint Ives, United Kingdom",50.2114296,-5.48077774
a2v69000004CidqAAC,NA,a2r69000007ISjPAAW,a2s69000002r1xfAAA,NA,NA,Instruments,NA,Visby,P-0571,NA,Molecular POC Instrument,Yes,NA,NA,"COVID-19/FluA/B, CT/NG/TV",NA,NA,6.6x13.7x4.3,NAT instrument-free,NA,33,13,Low,Portable charger compatible,2023-11-24 09:24:51,Regulatory Achieved,US FDA 510k,PCR (conventional);Nucleic Acid Lateral Flow Assay (NA-LFA),Colorimetric,Cartridge-based processing,True Point of Care,Handheld,30,NA,Already on the market (commercialized),NA,NA,0016900002eT0y2AAC,"Visby Medical, Inc",San Jose,United States,Region of the Americas,https://visbymedical.com,United States,"San Jose, United States",37.33479309,-121.88814545
a2v69000004gKMzAAM,NA,a2r69000007labdAAA,a2s690000019K25AAE,NA,NA,Instruments,NA,Pluslife Mini Dock,P-1296,NA,Molecular POC Instrument,Yes,NA,NA,"COVID-19/FluA/B,Mpox,TB, RSV/FluA/B,StrepA, MP, CT/NG/UU, HPV, TV, GBS",Mobile application,Bluetooth,10.1x9.1x6.5,NAT platform,0.21,30,15,Medium,Portable charger compatible,2023-06-20 11:19:30,Regulatory Achieved,CE-IVDD,Isothermal Other,Fluorescence,Cartridge-based processing,True Point of Care,Handheld,35,"HCV,MRSA,Dengue,Malaria, SP",Already on the market (commercialized),NA,NA,00169000031jz3oAAA,"Guangzhou Pluslife Biotech Co., ltd.",Guangzhou,China,Western Pacific Region,https://pluslife.com,China,"Guangzhou, China",23.12907982,113.26435852
a2v69000004gKN0AAM,NA,a2r69000007labsAAA,a2s690000019K25AAE,NA,NA,Instruments,NA,Pluslife Mini Dock,P-1299,NA,Molecular POC Instrument,Yes,NA,NA,"COVID-19/FluA/B,Mpox,TB, RSV/FluA/B,StrepA, MP, CT/NG/UU, HPV, TV, GBS",Mobile application,Bluetooth,10.1x9.1x6.5,NAT platform,0.21,30,15,Medium,Portable charger compatible,2023-06-20 11:19:30,Regulatory Achieved,CE-IVDD,Isothermal Other,Fluorescence,Cartridge-based processing,True Point of Care,Handheld,35,"HCV,MRSA,Dengue,Malaria, SP",Already on the market (commercialized),NA,NA,00169000031jz3oAAA,"Guangzhou Pluslife Biotech Co., ltd.",Guangzhou,China,Western Pacific Region,https://pluslife.com,China,"Guangzhou, China",23.12907982,113.26435852
a2v69000004gKNEAA2,NA,a2r69000007labtAAA,a2s690000019K25AAE,NA,NA,Instruments,NA,Pluslife Mini Dock,P-1300,NA,Molecular POC Instrument,Yes,NA,NA,"COVID-19/FluA/B,Mpox,TB, RSV/FluA/B,StrepA, MP, CT/NG/UU, HPV, TV, GBS",Mobile application,Bluetooth,10.1x9.1x6.5,NAT platform,0.21,30,15,Medium,Portable charger compatible,2023-06-20 11:19:30,Regulatory Achieved,CE-IVDD,Isothermal Other,Fluorescence,Cartridge-based processing,True Point of Care,Handheld,35,"HCV,MRSA,Dengue,Malaria, SP",Already on the market (commercialized),NA,NA,00169000031jz3oAAA,"Guangzhou Pluslife Biotech Co., ltd.",Guangzhou,China,Western Pacific Region,https://pluslife.com,China,"Guangzhou, China",23.12907982,113.26435852
a2v69000004gKeWAAU,NA,a2r69000007lbCfAAI,a2s690000019JyRAAU,NA,NA,Instruments,NA,be.well Analyzer,P-1512,NA,Molecular POC Instrument,Yes,NA,NA,COVID-19,Mobile application,Bluetooth,12.9 x 6.6 x 2.0,NAT platform,0.1814,30,15,Medium,Battery-operated,2023-06-20 11:19:29,Regulatory Achieved,CE-IVDD,Isothermal LAMP,Electric signal;Other,Cartridge-based processing,True Point of Care,Handheld,60,"Flu A/B, RSV",Already on the market (commercialized),NA,NA,0011r00001kejHXAAY,Alveo Technologies,Alameda,United States,Region of the Americas,https://alveotechnologies.com,United States,"Alameda, United States",37.76533508,-122.24187469
a2v69000004gKfIAAU,NA,a2r69000007lbK8AAI,a2s690000019JyyAAE,NA,NA,Instruments,NA,Cue Reader,P-1560,NA,Molecular POC Instrument,Yes,NA,NA,"COVID-19, mpox",Mobile application,Bluetooth,7.4x7.4x3.7,NAT platform,0.15,35,15,Low,Battery-operated,2023-06-20 11:19:29,Regulatory Achieved,US FDA EUA;CE-IVDD;US FDA De Novo,Isothermal LAMP,Electrochemical,Cartridge-based processing,True Point of Care,Handheld,20,"COVID-19/FLUA/FLUB/RSV, CT/NG, RSV, FluA/FluB, Herpes/mpox",Already on the market (commercialized),NA,NA,0011r00001vqo20AAA,Cue Health,San Diego,United States,Region of the Americas,https://cuehealth.com,United States,"San Diego, United States",32.71575928,-117.16381836
a2v69000004gKfJAAU,NA,a2r69000007lbT7AAI,a2s690000019JyyAAE,NA,NA,Instruments,NA,Cue Reader,P-1561,NA,Molecular POC Instrument,Yes,NA,NA,"COVID-19, mpox",Mobile application,Bluetooth,7.4x7.4x3.7,NAT platform,0.15,35,15,Low,Battery-operated,2023-06-20 11:19:29,Regulatory Achieved,US FDA EUA;CE-IVDD;US FDA De Novo,Isothermal LAMP,Electrochemical,Cartridge-based processing,True Point of Care,Handheld,20,"COVID-19/FLUA/FLUB/RSV, CT/NG, RSV, FluA/FluB, Herpes/mpox",Already on the market (commercialized),NA,NA,0011r00001vqo20AAA,Cue Health,San Diego,United States,Region of the Americas,https://cuehealth.com,United States,"San Diego, United States",32.71575928,-117.16381836
a2v69000004gKfmAAE,NA,a2r69000007lbFrAAI,a2s690000019K1QAAU,NA,NA,Instruments,NA,minoo,P-1590,NA,Molecular POC Instrument,Yes,NA,NA,NA,Mobile application,Bluetooth,9.2x6.7x3.7,NAT platform,0.6,28,21,Low,Battery-operated,2023-06-20 11:19:30,Regulatory Achieved,CE-IVDD,Isothermal RPA,Fluorescence,NAT reagent kit (proprietary platform),True Point of Care,Handheld,18,COVID-19,Already on the market (commercialized),NA,NA,0011r00002PlYfyAAF,midge medical MPS GmbH,Berlin,Germany,European Region,https://midgemedical.com,Germany,"Berlin, Germany",52.52342987,13.41143608
a2v69000004gKfnAAE,NA,a2r69000007lbtyAAA,a2s690000019K1QAAU,NA,NA,Instruments,NA,minoo,P-1591,NA,Molecular POC Instrument,Yes,NA,NA,NA,Mobile application,Bluetooth,9.2x6.7x3.7,NAT platform,0.6,28,21,Low,Battery-operated,2023-06-20 11:19:30,Regulatory Achieved,CE-IVDD,Isothermal RPA,Fluorescence,NAT reagent kit (proprietary platform),True Point of Care,Handheld,18,COVID-19,Already on the market (commercialized),NA,NA,0011r00002PlYfyAAF,midge medical MPS GmbH,Berlin,Germany,European Region,https://midgemedical.com,Germany,"Berlin, Germany",52.52342987,13.41143608
a2v69000004gKfoAAE,NA,a2r69000007lbtzAAA,a2s690000019K1QAAU,NA,NA,Instruments,NA,minoo,P-1592,NA,Molecular POC Instrument,Yes,NA,NA,NA,Mobile application,Bluetooth,9.2x6.7x3.7,NAT platform,0.6,28,21,Low,Battery-operated,2023-06-20 11:19:30,Regulatory Achieved,CE-IVDD,Isothermal RPA,Fluorescence,NAT reagent kit (proprietary platform),True Point of Care,Handheld,18,COVID-19,Already on the market (commercialized),NA,NA,0011r00002PlYfyAAF,midge medical MPS GmbH,Berlin,Germany,European Region,https://midgemedical.com,Germany,"Berlin, Germany",52.52342987,13.41143608
a2v69000004gKiDAAU,NA,a2r69000007lbT9AAI,a2s690000019K1tAAE,NA,NA,Instruments,NA,NudgeBox,P-1741,NA,Molecular POC Instrument,Yes,NA,NA,"COVID-19, COVID-19/FluA/FluB/RSV",Mobile application,Bluetooth,28x15.5x13.5,NAT platform,5,NA,NA,Very high,Mains power,2023-06-20 11:19:30,Regulatory Achieved,Australia TGA;CE-IVDD,qPCR,Fluorescence,Cartridge-based processing,True Point of Care,Small,60,TB,Already on the market (commercialized),NA,NA,0016900002eT1KkAAK,DNANudge,London,United Kingdom,European Region,https://dnanudge.com,United Kingdom,"London, United Kingdom",51.50740814,-0.12772401
a2v69000004gKj2AAE,NA,a2r69000007lbMaAAI,a2s690000019K2DAAU,NA,NA,Instruments,NA,Prompt Dx Rapid PCR Platform,P-1792,NA,Molecular POC Instrument,Yes,NA,NA,NA,Mobile application,Bluetooth,12.7x13.4xx8.4,NAT platform,NA,NA,NA,Very high,Portable charger compatible,2023-06-20 11:19:30,Early Stage Development (partial prototype),None,qPCR,Fluorescence,Cartridge-based processing,True Point of Care,Handheld,15,NA,Unknown,NA,NA,0016900002ffSDWAA2,Prompt Diagnostics llc,Baltimore,United States,Region of the Americas,https://prompt-dx.com,United States,"Baltimore, United States",39.29044342,-76.61233521
a2v69000004gKjxAAE,NA,a2r69000007lb77AAA,a2s690000019JylAAE,NA,NA,Instruments,NA,Check4,P-1849,NA,Molecular POC Instrument,Yes,NA,NA,NA,Mobile application,Bluetooth,NA,NAT platform,NA,NA,NA,Medium,Portable charger compatible,2023-06-20 11:19:29,Late Stage Development (fully functional prototype),None,Graphene-based,Electric signal,Cartridge-based processing,True Point of Care,Handheld,NA,"COVID-19, Staph, Flu,",Unknown,NA,NA,0016900002iptQPAAY,IdentifySensors Biologics Corp.,Shaker Heights,United States,Region of the Americas,https://identifysensors.com,United States,"Shaker Heights, United States",41.46448898,-81.56496429
a2v69000004gKjzAAE,NA,a2r69000007lbmQAAQ,a2s690000019KFSAA2,NA,NA,Instruments,NA,XDive platform,P-1851,NA,NA,Yes,NA,NA,COVID-19,NA,NA,NA,NAT platform,NA,32,16,Low,Mains power,2023-07-04 10:02:37,Regulatory Achieved,US FDA EUA,PCR (conventional),Fluorescence,NAT reagent kit (proprietary platform),Lab-based,Large,NA,NA,Already on the market (commercialized),NA,NA,0016900002ipxcaAAA,Star Array Pte ltd.,Singapore,Singapore,Western Pacific Region,https://star-array.com,Singapore,"Singapore, Singapore",1.28943646,103.84998322
a2v69000004gKkPAAU,NA,a2r69000007lbF8AAI,a2s690000019K1iAAE,NA,NA,Instruments,NA,NABIT instrument,P-1877,NA,Molecular POC Instrument,Yes,NA,NA,NA,NA,Unknown,NA,NAT platform,NA,NA,NA,Low,Battery-operated,2023-06-20 11:19:30,Early Stage Development (partial prototype),None,Isothermal LAMP,Fluorescence,Cartridge-based processing,True Point of Care,Small,30,COVID-19,Unknown,NA,NA,0016900002uqn5fAAA,Thylacine Biosciences,NA,United States,Region of the Americas,https://thylacine.bio,United States,United States,39.50357056,-99.01834106
a2v69000004gKldAAE,NA,a2r69000007lbBnAAI,a2s690000019Jz3AAE,NA,NA,Instruments,NA,DigiGENE,P-1953,NA,Molecular POC Instrument,Yes,NA,NA,COVID-19,Mobile application,NA,NA,NAT platform,NA,NA,NA,Low,Battery-operated,2023-06-20 11:19:29,Regulatory Achieved,CE-IVDD,Isothermal LAMP,Fluorescence,Cartridge-based processing,True Point of Care,Handheld,20,"Rheumatoid arthrities, Alzheimer's disease, Parkinson's disease",Unknown,NA,NA,0016900002q0iV9AAI,Canary Global Inc,Burlington,Canada,Region of the Americas,https://canarydetect.com,Canada,"Burlington, Canada",43.32599258,-79.79829407
a2v69000004gKm3AAE,NA,a2r69000007lbBhAAI,a2s690000019K07AAE,NA,NA,Instruments,NA,GRIP biosensor ,P-1979,NA,Molecular POC Instrument,Yes,NA,NA,NA,Mobile application,NFC,NA,NAT instrument-free,NA,NA,NA,Very high,Power-free,2023-06-20 11:19:29,Early Stage Development (partial prototype),None,Graphene-based;Field-effect transistor (FET),Electric signal;Other,Cartridge-based processing,True Point of Care,Handheld,5,"COVID-19/FluA/B/RSV, Sepsis, Streptococcus",2027,NA,NA,0016900002sQShuAAG,GRIP Molecular,NA,United States,Region of the Americas,https://gripmolecular.com,United States,United States,39.50357056,-99.01834106
a2v69000004gKmDAAU,NA,a2r69000007lbBlAAI,a2s690000019JxuAAE,NA,NA,Instruments,NA,AscencioDx,P-1989,NA,Molecular POC Instrument,Yes,NA,NA,COVID-19,NA,NA,11.2x6.4x5.8,NAT platform,0.132,40,15,Low,Mains power,2023-06-20 11:19:29,Regulatory Achieved,US FDA EUA,Isothermal LAMP,Fluorescence,One-pot,True Point of Care,Handheld,30,"Multiplex respiratory panels, STI",Already on the market (commercialized),NA,NA,0016900002uDQsxAAG,Anavasi Diagnostics,Redmond,United States,Region of the Americas,https://anavasidx.com,United States,"Redmond, United States",47.6749115,-122.12399292
a2v69000004gKn2AAE,NA,a2r69000007lbyNAAQ,a2s690000019K1iAAE,NA,NA,Instruments,NA,NABIT instrument,P-2040,NA,Molecular POC Instrument,Yes,NA,NA,NA,NA,Unknown,NA,NAT platform,NA,NA,NA,Low,Battery-operated,2023-06-20 11:19:30,Early Stage Development (partial prototype),None,Isothermal LAMP,Fluorescence,Cartridge-based processing,True Point of Care,Small,30,COVID-19,Unknown,NA,NA,0016900002uqn5fAAA,Thylacine Biosciences,NA,United States,Region of the Americas,https://thylacine.bio,United States,United States,39.50357056,-99.01834106
a2v69000004gKn3AAE,NA,a2r69000007lbN4AAI,a2s690000019K2KAAU,NA,NA,Instruments,NA,Quiz Biochip / POCHE dongle,P-2041,NA,Molecular POC Instrument,Yes,NA,NA,COVID-19,NA,USB,NA,NAT platform,NA,NA,NA,Single pathogen,Portable charger compatible,2023-06-20 11:19:30,Regulatory Achieved,CE-IVDD,Isothermal LAMP,Electrochemical,Cartridge-based processing,True Point of Care,Handheld,45,Malaria,Unknown,NA,NA,0016900002uqn5jAAA,Cell ID Pte ltd.,Singapore,Singapore,Western Pacific Region,https://cellid-dx.com,Singapore,"Singapore, Singapore",1.28943646,103.84998322
a2v69000004gKn4AAE,NA,a2r69000007lc1iAAA,a2s690000019K2KAAU,NA,NA,Instruments,NA,Quiz Biochip / POCHE dongle,P-2042,NA,Molecular POC Instrument,Yes,NA,NA,COVID-19,NA,USB,NA,NAT platform,NA,NA,NA,Single pathogen,Portable charger compatible,2023-06-20 11:19:30,Regulatory Achieved,CE-IVDD,Isothermal LAMP,Electrochemical,Cartridge-based processing,True Point of Care,Handheld,45,Malaria,Unknown,NA,NA,0016900002uqn5jAAA,Cell ID Pte ltd.,Singapore,Singapore,Western Pacific Region,https://cellid-dx.com,Singapore,"Singapore, Singapore",1.28943646,103.84998322
a2v69000004gKnHAAU,NA,a2r69000007lbJDAAY,a2s690000019K19AAE,NA,NA,Instruments,NA,LumiraDx Platform,P-2055,NA,Molecular POC Instrument,Yes,NA,NA,NA,Mobile application,Bluetooth,21x9.7x7.3,Multimodal platform,1.1,30,15,Low,Battery-operated,2023-06-20 11:19:30,Regulatory Achieved,US FDA EUA;CE-IVDD,Unspecified,Fluorescence,Cartridge-based processing,True Point of Care,Small,NA,NA,Already on the market (commercialized),NA,NA,0016900002usqICAAY,LumiraDx Limited,London,United Kingdom,European Region,https://lumiradx.com/us-en/what-we-do/diagnostics/fast-lab-solutions,United Kingdom,"London, United Kingdom",51.50740814,-0.12772401
a2v69000004gKnIAAU,NA,a2r69000007lbAYAAY,a2s690000019K19AAE,NA,NA,Instruments,NA,LumiraDx Platform,P-2056,NA,Molecular POC Instrument,Yes,NA,NA,NA,Mobile application,Bluetooth,21x9.7x7.3,Multimodal platform,1.1,30,15,Low,Battery-operated,2023-06-20 11:19:30,Regulatory Achieved,US FDA EUA;CE-IVDD,Unspecified,Fluorescence,Cartridge-based processing,True Point of Care,Small,NA,NA,Already on the market (commercialized),NA,NA,0016900002usqICAAY,LumiraDx Limited,London,United Kingdom,European Region,https://lumiradx.com/us-en/what-we-do/diagnostics/fast-lab-solutions,United Kingdom,"London, United Kingdom",51.50740814,-0.12772401
a2v69000004gKnJAAU,NA,a2r69000007lbDfAAI,a2s690000019K19AAE,NA,NA,Instruments,NA,LumiraDx Platform,P-2057,NA,Molecular POC Instrument,Yes,NA,NA,NA,Mobile application,Bluetooth,21x9.7x7.3,Multimodal platform,1.1,30,15,Low,Battery-operated,2023-06-20 11:19:30,Regulatory Achieved,US FDA EUA;CE-IVDD,Unspecified,Fluorescence,Cartridge-based processing,True Point of Care,Small,NA,NA,Already on the market (commercialized),NA,NA,0016900002usqICAAY,LumiraDx Limited,London,United Kingdom,European Region,https://lumiradx.com/us-en/what-we-do/diagnostics/fast-lab-solutions,United Kingdom,"London, United Kingdom",51.50740814,-0.12772401
a2v69000004gKnKAAU,NA,a2r69000007lbELAAY,a2s690000019K19AAE,NA,NA,Instruments,NA,LumiraDx Platform,P-2058,NA,Molecular POC Instrument,Yes,NA,NA,NA,Mobile application,Bluetooth,21x9.7x7.3,Multimodal platform,1.1,30,15,Low,Battery-operated,2023-06-20 11:19:30,Regulatory Achieved,US FDA EUA;CE-IVDD,Unspecified,Fluorescence,Cartridge-based processing,True Point of Care,Small,NA,NA,Already on the market (commercialized),NA,NA,0016900002usqICAAY,LumiraDx Limited,London,United Kingdom,European Region,https://lumiradx.com/us-en/what-we-do/diagnostics/fast-lab-solutions,United Kingdom,"London, United Kingdom",51.50740814,-0.12772401
a2v69000004gKnLAAU,NA,a2r69000007lbvbAAA,a2s690000019K19AAE,NA,NA,Instruments,NA,LumiraDx Platform,P-2059,NA,Molecular POC Instrument,Yes,NA,NA,NA,Mobile application,Bluetooth,21x9.7x7.3,Multimodal platform,1.1,30,15,Low,Battery-operated,2023-06-20 11:19:30,Regulatory Achieved,US FDA EUA;CE-IVDD,Unspecified,Fluorescence,Cartridge-based processing,True Point of Care,Small,NA,NA,Already on the market (commercialized),NA,NA,0016900002usqICAAY,LumiraDx Limited,London,United Kingdom,European Region,https://lumiradx.com/us-en/what-we-do/diagnostics/fast-lab-solutions,United Kingdom,"London, United Kingdom",51.50740814,-0.12772401
a2v69000004gKnQAAU,NA,a2r69000007lbP7AAI,a2s690000019K1LAAU,NA,NA,Instruments,NA,Metrix Reader,P-2064,NA,Molecular POC Instrument,Yes,NA,NA,COVID-19,NA,Unknown,NA,NAT platform,NA,30,15,Low,Portable charger compatible,2023-06-20 11:19:30,Regulatory Achieved,US FDA EUA,Isothermal LAMP,Electrochemical,Cartridge-based processing,True Point of Care,Handheld,30,"COVID-19/FluA/B, CT/NG/TV",Already on the market (commercialized),NA,NA,0016900002utInBAAU,"Aptitude Medical Systems, Inc.",Goleta,United States,Region of the Americas,https://aptitudemedical.com,United States,"Goleta, United States",34.43296051,-119.85687256
a2v69000004gKoXAAU,NA,a2r69000007lbrnAAA,a2s690000019JzrAAE,NA,NA,Instruments,NA,GeneSpark instrument,P-2133,NA,Molecular POC Instrument,Yes,NA,NA,COVID-19,LIS,Wlan,6.4x8.9x19.1,NAT platform,1,30,15,Very high,Mains power,2023-06-20 11:19:29,Research Use Only (RUO),NA,Isothermal LAMP,Fluorescence,Cartridge-based processing,True Point of Care,Small,30,NA,Discontinued,NA,NA,001w000001DnOgJAAV,Tangen Biosciences,Branford,United States,Region of the Americas,https://tangenbiosciences.com/,United States,"Branford, United States",41.27980042,-72.81404114
a2v69000004gKrpAAE,NA,a2r69000007lbkBAAQ,a2s690000019Jz1AAE,NA,NA,Instruments,NA,Detect Hub and Detect App (1st Gen),P-2337,NA,Molecular POC Instrument,Yes,NA,NA,NA,NA,Bluetooth,10.2x8.5x6.5,NAT platform,0.93,30,15,Single pathogen,Mains power,2023-06-20 11:19:29,Regulatory Achieved,None,Isothermal LAMP;Nucleic Acid Lateral Flow Assay (NA-LFA),Colorimetric,Cartridge-based processing,True Point of Care,Handheld,NA,"CT/NG, STI AMR, Covid+Flu, RSV, Strep",Discontinued,NA,NA,0016900002ffSH4AAM,"Detect, Inc.",Guilford,United States,Region of the Americas,https://detect.com,United States,"Guilford, United States",41.28122711,-72.68164825
a2v69000004gKrqAAE,NA,a2r69000007lblgAAA,a2s690000019Jz1AAE,NA,NA,Instruments,NA,Detect Hub and Detect App (1st Gen),P-2338,NA,Molecular POC Instrument,Yes,NA,NA,NA,NA,Bluetooth,10.2x8.5x6.5,NAT platform,0.93,30,15,Single pathogen,Mains power,2023-06-20 11:19:29,Regulatory Achieved,None,Isothermal LAMP;Nucleic Acid Lateral Flow Assay (NA-LFA),Colorimetric,Cartridge-based processing,True Point of Care,Handheld,NA,"CT/NG, STI AMR, Covid+Flu, RSV, Strep",Discontinued,NA,NA,0016900002ffSH4AAM,"Detect, Inc.",Guilford,United States,Region of the Americas,https://detect.com,United States,"Guilford, United States",41.28122711,-72.68164825
a2v69000004gLiDAAU,NA,NA,a2s690000019K25AAE,NA,NA,Instruments,NA,Pluslife Mini Dock,P-5442,NA,Molecular POC Instrument,Yes,NA,NA,"COVID-19/FluA/B,Mpox,TB, RSV/FluA/B,StrepA, MP, CT/NG/UU, HPV, TV, GBS",Mobile application,Bluetooth,10.1x9.1x6.5,NAT platform,0.21,30,15,Medium,Portable charger compatible,2023-06-20 11:19:30,Regulatory Achieved,CE-IVDD,Isothermal Other,Fluorescence,Cartridge-based processing,True Point of Care,Handheld,35,"HCV,MRSA,Dengue,Malaria, SP",Already on the market (commercialized),NA,NA,00169000031jz3oAAA,"Guangzhou Pluslife Biotech Co., ltd.",Guangzhou,China,Western Pacific Region,https://pluslife.com,China,"Guangzhou, China",23.12907982,113.26435852
a2v69000004gLiNAAU,NA,NA,a2s690000019K2CAAU,NA,NA,Instruments,NA,Prominex System,P-5444,NA,Molecular POC Instrument,Yes,NA,NA,NA,NA,Wifi,NA,NAT platform,NA,NA,NA,Low,Battery-operated,2023-06-20 11:19:30,Early Stage Development (partial prototype),None,Isothermal Other;Nucleic Acid Lateral Flow Assay (NA-LFA),Colorimetric,Cartridge-based processing,True Point of Care,Handheld,5,"COVID-19,FluA/B, CT/NG",Unknown,NA,NA,0011r00001y6uceAAA,Prominex,San Diego,United States,Region of the Americas,https://prominex.com,United States,"San Diego, United States",32.71575928,-117.16381836
a2v69000004gLirAAE,NA,NA,a2s690000019Jz9AAE,NA,NA,Instruments,NA,New Ion,P-5456,NA,Molecular POC Instrument,Yes,NA,NA,NA,NA,Unknown,NA,NAT platform,NA,NA,NA,Medium,Portable charger compatible,2023-06-20 11:19:29,Early Stage Development (partial prototype),None,Unspecified,Electric signal;Other,Cartridge-based processing,True Point of Care,Handheld,3,NA,NA,NA,NA,0016900002ipyAQAAY,"Palogen, Inc.",San Jose,United States,Region of the Americas,https://palogen.com,United States,"San Jose, United States",37.33479309,-121.88814545
a2v69000004gLj6AAE,NA,NA,a2s690000019K1hAAE,NA,NA,Instruments,NA,MYRTA (My Real-Time Analyzer),P-5462,NA,Molecular POC Instrument,Yes,NA,NA,"RSV, FluA/B, lyme,Malaria,Chagas disease",NA,USB,NA,NAT platform,0.8,NA,NA,Single pathogen,Battery-operated,2023-06-20 11:19:30,Regulatory Status Unknown,Unknown,qPCR;Isothermal LAMP,Fluorescence,One-pot,True Point of Care,Small,NA,NA,Already on the market (commercialized),NA,NA,0016900002eT1CUAA0,MatMaCorp,Lincoln,United States,Region of the Americas,https://matmacorp.com,United States,"Lincoln, United States",40.81359863,-96.7026062
a2vVj0000000dUPIAY,NA,NA,a2s69000002r1vyAAA,NA,NA,Instruments,NA,Sefunda Platform,P-6265,NA,Molecular POC Instrument,Yes,NA,NA,NA,NA,Wifi,NA,NAT platform,NA,NA,NA,High,Mains power,2023-11-23 16:16:29,Early Stage Development (partial prototype),None,qPCR,Fluorescence,Cartridge-based processing,True Point of Care,Intermediate,30,CT/NG/LGV,Unknown,NA,NA,00169000039OADYAA4,Sefunda AG,Muttenz,Switzerland,European Region,https://Sefunda.swiss,Switzerland,"Muttenz, Switzerland",47.52276993,7.64516878
a2vVj0000002yXxIAI,NA,NA,a2sVj000000RFW8IAO,NA,NA,Instruments,NA,Biocrucible,P-6272,NA,Molecular POC Instrument,Yes,NA,NA,NA,NA,NA,NA,NAT instrument-free,NA,NA,NA,Single pathogen,Unknown,2023-12-13 09:45:05,Early Stage Development (partial prototype),None,Isothermal Other;Nucleic Acid Lateral Flow Assay (NA-LFA),Colorimetric,Cartridge-based processing,True Point of Care,Handheld,NA,COVID-19,Unknown,NA,NA,0016900002oES4ZAAW,Biocrucible,Cambridge,United Kingdom,European Region,https://biocrucible.co.uk/about,United Kingdom,"Cambridge, United Kingdom",52.20486069,0.1196803
a2vVj0000002yphIAA,NA,NA,a2sVj000000RUmoIAG,NA,NA,Instruments,NA,NuRapid,P-6273,NA,Molecular POC Instrument,Yes,NA,NA,TB,NA,NA,8.7x4.5x2.5,NAT platform,0.6,NA,NA,Single pathogen,Portable charger compatible,2023-12-13 10:00:27,Regulatory Status Unknown,Unknown,CRISPR;Isothermal Other;Nucleic Acid Lateral Flow Assay (NA-LFA),Colorimetric,Cartridge-based processing,True Point of Care,Handheld,NA,NA,Already on the market (commercialized),NA,NA,0016900002ussoKAAQ,"Jiangsu MicroDiag Biomedical Technology Co., Ltd.",Suzhou,China,Western Pacific Region,https://microdiag.com,China,"Suzhou, China",31.29903984,120.58530426
a2vVj0000003IjaIAE,NA,NA,a2sVj000000TSQqIAO,NA,NA,Instruments,NA,GenPad,P-6274,NA,Molecular POC Instrument,Yes,NA,NA,"COVID-19,COVID-19/FluA/B",Mobile application,Bluetooth,13x5x11,NAT platform,0.6,35,15,Low,Battery-operated,2023-12-14 07:30:38,Regulatory Achieved,CE-IVDD,qPCR,Fluorescence,Cartridge-based processing,True Point of Care,Handheld,40,STI panel,Already on the market (commercialized),NA,NA,0016900002uridSAAQ,K.K. MIRAI GENOMICS,Yokohama,Japan,Western Pacific Region,https://miraigenomics.com,Japan,"Yokohama, Japan",35.45031357,139.63421631
a2vVj0000003JSjIAM,NA,a2rVj0000000g7JIAQ,a2sVj000000TSQqIAO,NA,NA,Instruments,NA,GenPad,P-6275,NA,Molecular POC Instrument,Yes,NA,NA,"COVID-19,COVID-19/FluA/B",Mobile application,Bluetooth,13x5x11,NAT platform,0.6,35,15,Low,Battery-operated,2023-12-14 07:30:38,Regulatory Achieved,CE-IVDD,qPCR,Fluorescence,Cartridge-based processing,True Point of Care,Handheld,40,STI panel,Already on the market (commercialized),NA,NA,0016900002uridSAAQ,K.K. MIRAI GENOMICS,Yokohama,Japan,Western Pacific Region,https://miraigenomics.com,Japan,"Yokohama, Japan",35.45031357,139.63421631
a2vVj0000003K2DIAU,NA,a2rVj0000000gAXIAY,a2sVj000000TSQqIAO,NA,NA,Instruments,NA,GenPad,P-6276,NA,Molecular POC Instrument,Yes,NA,NA,"COVID-19,COVID-19/FluA/B",Mobile application,Bluetooth,13x5x11,NAT platform,0.6,35,15,Low,Battery-operated,2023-12-14 07:30:38,Regulatory Achieved,CE-IVDD,qPCR,Fluorescence,Cartridge-based processing,True Point of Care,Handheld,40,STI panel,Already on the market (commercialized),NA,NA,0016900002uridSAAQ,K.K. MIRAI GENOMICS,Yokohama,Japan,Western Pacific Region,https://miraigenomics.com,Japan,"Yokohama, Japan",35.45031357,139.63421631
a2vVj0000003KdJIAU,NA,NA,a2sVj000000TnBtIAK,NA,NA,Instruments,NA,All-in-One,P-6277,NA,Molecular POC Instrument,Yes,NA,NA,NA,NA,NA,11x3x2.1,NAT platform,NA,35,15,Single pathogen,Portable charger compatible,2023-12-14 08:41:03,Regulatory Status Unknown,Unknown,Isothermal Other,Unspecified,One-pot,True Point of Care,Handheld,30,NA,Already on the market (commercialized),NA,NA,001Vj0000012dBqIAI,ONE-CHIP BIOTECHNOLOGY CO.，LTD.,Chengdu,China,Western Pacific Region,https://en.one-chip.com/,China,"Chengdu, China",30.5725193,104.06651306
a2vVj0000003Ki9IAE,NA,NA,a2sVj000000ThMbIAK,NA,NA,Instruments,NA,Reader for Virus Test,P-6278,NA,Molecular POC Instrument,Yes,NA,NA,NA,NA,NA,6x6x6.5,NAT platform,NA,60,10,Unknown,Portable charger compatible,2023-12-14 08:45:47,Regulatory Status Unknown,Unknown,Isothermal Other,Unspecified,Cartridge-based processing,True Point of Care,Handheld,30,NA,Already on the market (commercialized),NA,NA,001Vj0000012dBqIAI,ONE-CHIP BIOTECHNOLOGY CO.，LTD.,Chengdu,China,Western Pacific Region,https://en.one-chip.com/,China,"Chengdu, China",30.5725193,104.06651306
a2vVj0000003MNNIA2,NA,NA,a2sVj000000U0ieIAC,NA,NA,Instruments,NA,ASoC,P-6279,NA,Molecular POC Instrument,Yes,NA,NA,NA,NA,NA,NA,NAT instrument-free,NA,NA,NA,Low,Battery-operated,2023-12-14 09:47:42,Early Stage Development (partial prototype),None,Isothermal Other,Unspecified,Cartridge-based processing,True Point of Care,Handheld,NA,"Salmonella, STI, Flu, TB, HIV, Malaria",NA,NA,NA,0016900002usd4AAAQ,"Philmedi Co., Ltd",Seongnam-si,"Korea, Republic of",Western Pacific Region,https://philmedi.com,South Korea,"Seongnam-si, South Korea",37.44055557,127.13583374
a2vVj0000003NzNIAU,NA,NA,a2sVj000000Tw3vIAC,NA,NA,Instruments,NA,Snapshot,P-6280,NA,Molecular POC Instrument,Yes,NA,NA,NA,Mobile application,NFC,NA,NAT platform,NA,NA,NA,Low,Portable charger compatible,2023-12-14 09:56:11,Research Use Only (RUO),None,Isothermal LAMP;Isothermal RPA,Unspecified,Cartridge-based processing,True Point of Care,Handheld,20,NA,Already on the market (commercialized),NA,NA,0016900002z3vY3AAI,ReadyGo Diagnostics Limited,Bath,United Kingdom,European Region,https://readygotest.com,United Kingdom,"Bath, United Kingdom",51.38280106,-2.35928512
a2vVj0000003OAgIAM,NA,NA,a2sVj000000UGLxIAO,NA,NA,Instruments,NA,PortNAT System,P-6284,NA,Molecular POC Instrument,Yes,NA,NA,COVID-19,NA,NA,NA,NAT instrument-free,NA,NA,NA,Single pathogen,Battery-operated,2023-12-14 12:02:52,Regulatory Achieved,CE-IVDD,Isothermal Other;Nucleic Acid Lateral Flow Assay (NA-LFA),Colorimetric,One-pot,True Point of Care,Handheld,35,NA,Already on the market (commercialized),NA,NA,00169000031jEwlAAE,Ustar Biotechnologies (Hangzhou) Ltd.,Hangzhou,China,Western Pacific Region,https://en.bioustar.com,China,"Hangzhou, China",30.24592018,120.21079254
a2vVj0000003OFVIA2,NA,NA,a2sVj000000U8wMIAS,NA,NA,Instruments,NA,MULTITEST,P-6281,NA,Molecular POC Instrument,Yes,NA,NA,COVID-19,Not applicable,NA,NA,NAT instrument-free,NA,NA,NA,Low,Power-free,2023-12-14 11:00:22,Regulatory Achieved,CE-IVDD,Isothermal LAMP;Nucleic Acid Lateral Flow Assay (NA-LFA),Colorimetric,Cartridge-based processing,True Point of Care,Handheld,45,CT/NG,Already on the market (commercialized),NA,NA,001w000001eIYqYAAW,SelfDiagnostics Deutschland GmbH,Leipzig,Germany,European Region,https://selfdiagnostics.eu,Germany,"Leipzig, Germany",51.33969116,12.37135601
a2vVj0000003PGPIA2,NA,NA,a2sVj000000UI9CIAW,NA,NA,Instruments,NA,Veros,P-6282,NA,Molecular POC Instrument,Yes,NA,NA,COVID-19,NA,NA,NA,NAT instrument-free,NA,30,15,Single pathogen,Battery-operated,2023-12-14 11:15:40,Regulatory Achieved,CE-IVDD,Isothermal Other;Nucleic Acid Lateral Flow Assay (NA-LFA),Colorimetric,Cartridge-based processing,True Point of Care,Handheld,15,NA,Already on the market (commercialized),NA,NA,0016900002eT17sAAC,Sense Biodetection (acquired by Sherlock Bio),Oxford,United Kingdom,European Region,https://sense-bio.com,United Kingdom,"Oxford, United Kingdom",51.75197601,-1.25764716
a2vVj0000003QxFIAU,NA,NA,a2sVj000000UQGTIA4,NA,NA,Instruments,NA,LEX System,P-6286,NA,Molecular POC Instrument,Yes,NA,NA,NA,NA,NA,NA,NAT platform,NA,NA,NA,Unknown,Unknown,2023-12-14 12:31:51,Late Stage Development (fully functional prototype),None,qPCR,Unspecified,Cartridge-based processing,True Point of Care,Intermediate,5,"COVID-19, FluA/B, RSV",NA,NA,NA,0016900002z1vf3AAA,LEX Diagnostics Ltd,Melbourn,United Kingdom,European Region,https://lexdiagnostics.com,United Kingdom,"Melbourn, United Kingdom",52.82297516,-1.4284317499999999
a2vVj0000003Sm9IAE,NA,NA,a2sVj000000UdbtIAC,NA,NA,Instruments,NA,DX 100,P-6287,NA,Molecular POC Instrument,Yes,NA,NA,NA,Mobile application,Wifi,22.2x11.4x21.6,NAT platform,2,35,5,High,Battery-operated,2023-12-14 13:46:53,Late Stage Development (fully functional prototype),None,Isothermal LAMP,Fluorescence,Cartridge-based processing,True Point of Care,Small,20,"COVID-19/RSV/FluA/B, CT/NG+AMR, HPV",NA,NA,NA,0016900003DLBTCAA5,AmplifiDx Inc.,Newark,United States,Region of the Americas,https://amplifidx.com,United States,"Newark, United States",40.73150635,-74.17438507
a2vVj0000003Sz3IAE,NA,NA,a2sVj000000UYfSIAW,NA,NA,Instruments,NA,Sensible Platform,P-6288,NA,Molecular POC Instrument,Yes,NA,NA,NA,NA,NA,NA,NAT platform,NA,NA,NA,Low,Mains power,2023-12-14 13:50:56,Early Stage Development (partial prototype),None,qPCR,Unspecified,Cartridge-based processing,True Point of Care,Intermediate,10,"COVID-19, FluA/B, HCV, HIV, Strep A",NA,NA,NA,00169000034qVkOAAU,"Sensible Diagnostics, Inc.",Los Angeles,United States,Region of the Americas,https://sensibledx.com,United States,"Los Angeles, United States",34.05223846,-118.24334717
a2vVj0000003p2nIAA,NA,a2rVj0000000qGLIAY,a2s690000019K1tAAE,NA,NA,Instruments,NA,NudgeBox,P-6296,NA,Molecular POC Instrument,Yes,NA,NA,"COVID-19, COVID-19/FluA/FluB/RSV",Mobile application,Bluetooth,28x15.5x13.5,NAT platform,5,NA,NA,Very high,Mains power,2023-06-20 11:19:30,Regulatory Achieved,Australia TGA;CE-IVDD,qPCR,Fluorescence,Cartridge-based processing,True Point of Care,Small,60,TB,Already on the market (commercialized),NA,NA,0016900002eT1KkAAK,DNANudge,London,United Kingdom,European Region,https://dnanudge.com,United Kingdom,"London, United Kingdom",51.50740814,-0.12772401
a2vVj0000004hpZIAQ,NA,a2r69000006YVPQAA4,a2s69000002r1vfAAA,NA,NA,Instruments,NA,MagChipR,P-6297,NA,Molecular POC Instrument,Yes,NA,NA,NA,NA,Barcode/QR code scanner,24x30x15,NAT platform,2,35,10,Very high,Mains power,2023-11-23 11:54:29,Late Stage Development (fully functional prototype),None,PCR (conventional);Hybridization,Other,Cartridge-based processing,True Point of Care,Small,20,"6-plex STI (CT/ NG/TV/MG/Marolide resistant NG/Fluroquiolone resistant MG),",Unknown,NA,NA,00169000039PCVUAA4,Magic Lifescience,Mountain View,United States,Region of the Americas,https://magic-lifescience.com,United States,"Mountain View, United States",37.3900795,-122.08139038
a2vVj000000BdyvIAC,NA,NA,a2sVj000001M4dvIAC,NA,NA,Instruments,NA,Autolabs,P-6416,NA,Molecular POC Instrument,Yes,NA,NA,NA,NA,NA,NA,NAT platform,NA,NA,NA,Very high,Unknown,2024-01-10 14:57:18,Early Stage Development (partial prototype),None,qPCR,Unspecified,Cartridge-based processing,True Point of Care,Intermediate,10,"COVID-19/Flu A/B/RSV, Bacteria (Bacillus), Eukaryotes (S. cerevisiae, HeLa), Fungus (Candida)",NA,NA,NA,0016900003DKdm8AAD,Autonomous Medical Devices Incorporated,Santa Ana,United States,Region of the Americas,https://amdilabs.com,United States,"Santa Ana, United States",33.74973679,-117.86978149
a2vVj000000KxaDIAS,NA,NA,a2sVj000002EcFbIAK,NA,NA,Instruments,NA,GrapheneDx,P-6618,NA,Molecular POC Instrument,Yes,NA,NA,NA,NA,Unknown,NA,NAT instrument-free,NA,NA,NA,Low,Battery-operated,2024-02-02 08:58:24,Early Stage Development (partial prototype),None,Graphene-based;Field-effect transistor (FET),Electric signal;Other,Cartridge-based processing,True Point of Care,Handheld,5,CT/NG,NA,NA,NA,001Vj000003J1bQIAS,GrapheneDx,Boston,United States,Region of the Americas,https://graphenedx.com,United States,"Boston, United States",42.35899353,-71.0586319
a2vVj000000NdogIAC,NA,NA,a2sVj000000Mg5RIAS,NA,NA,Instruments,NA,Co-Dx PCR Pro,P-6622,NA,Molecular POC Instrument,Yes,NA,NA,NA,Mobile application,Bluetooth,15x15x13,NAT platform,2.1,35,18,Low,Mains power,2023-12-11 15:55:26,Research Use Only (RUO),None,qPCR,Fluorescence,Cartridge-based processing,True Point of Care,Handheld,30,"Covid-19, Flu, RSV, HPV, TB",Unknown,NA,NA,0016900002uslWDAAY,Co-Diagnostics Inc.,Salt Lake City,United States,Region of the Americas,https://Co-dx.com,United States,"Salt Lake City, United States",40.75847626,-111.88814545
a2vVj000000RHCrIAO,NA,NA,a2sVj000002meIHIAY,NA,NA,Instruments,NA,Scout Hub,P-6629,NA,Molecular POC Instrument,Yes,NA,NA,COVID-19,Mobile application,Bluetooth,6x10x6.5,NAT platform,0.106,30,2,Single pathogen,Portable charger compatible,2024-02-16 13:37:15,Regulatory Achieved,US FDA EUA,Isothermal LAMP,Fluorescence,One-pot,True Point of Care,Handheld,12,CT/NG,Already on the market (commercialized),NA,NA,001Vj0000041QxTIAU,Scout,Santa Clara,United States,Region of the Americas,https://scouthealth.com,United States,"Santa Clara, United States",37.3523941,-121.95307922
a2vVj000000Vk0AIAS,NA,NA,a2sVj000003799lIAA,NA,NA,Instruments,NA,Rapidemic,P-6633,NA,Molecular POC Instrument,Yes,NA,NA,NA,NA,NA,NA,NAT platform,NA,NA,NA,Low,Mains power,2024-02-26 11:28:39,Early Stage Development (partial prototype),NA,Isothermal Other,Colorimetric,One-pot,True Point of Care,Handheld,30,CT/NG,Unknown,NA,NA,001Vj000003BLnNIAW,Rapidemic,Leiden,Netherlands,European Region,https://rapidemic.com,Netherlands,"Leiden, Netherlands",52.16108704,4.49015284
a2vVj000000VoerIAC,NA,a2rVj0000002yOHIAY,a2sVj000003799lIAA,NA,NA,Instruments,NA,Rapidemic,P-6634,NA,Molecular POC Instrument,Yes,NA,NA,NA,NA,NA,NA,NAT platform,NA,NA,NA,Low,Mains power,2024-02-26 11:28:39,Early Stage Development (partial prototype),NA,Isothermal Other,Colorimetric,One-pot,True Point of Care,Handheld,30,CT/NG,Unknown,NA,NA,001Vj000003BLnNIAW,Rapidemic,Leiden,Netherlands,European Region,https://rapidemic.com,Netherlands,"Leiden, Netherlands",52.16108704,4.49015284
a2vVj000000ZWHxIAO,NA,NA,a2sVj000003PhheIAC,NA,NA,Instruments,NA,FlashDetect Nano,P-6635,NA,Molecular POC Instrument,Yes,NA,NA,"COVID-19, COVID-19/FluA/B, FluA/B/RSV, StrepA, MRSA, MTB, CT/NG/UU, MG/TV/MH, HSV, Dengue, Chikungunya/YV/Dengue, mPox",NA,Bluetooth,12.5x22x29.5,NAT platform,4.4,50,10,Low,Portable charger compatible,2024-03-05 07:53:24,Regulatory Achieved,CE-IVDD,qPCR,Fluorescence,Cartridge-based processing,True Point of Care,Small,20,NA,Already on the market (commercialized),NA,NA,001Vj000007M0GkIAK,"Coyote Bioscience Co., Ltd.",Beijing,China,Western Pacific Region,https://coyotebio.com,China,"Beijing, China",39.9078064,116.39758301
a2vVj000000aw3tIAA,NA,NA,a2sVj000003XwYDIA0,NA,NA,Instruments,NA,scopeDx® CRISPR-Cas,P-6639,NA,Molecular POC Instrument,Yes,NA,NA,NA,NA,Unknown,NA,NAT platform,NA,NA,NA,Unknown,Unknown,2024-03-08 06:58:22,Early Stage Development (partial prototype),NA,CRISPR;Isothermal Other,NA,One-pot,True Point of Care,NA,25,"Infectious diseases, genotyping",Unknown,NA,NA,001Vj000004vz9LIAQ,Scope Biosciences B.V.,Wageningen,Netherlands,European Region,https://scopebio.com/health,Netherlands,"Wageningen, Netherlands",51.97470474,5.66314983
a2vVj000000c6kMIAQ,NA,a2rVj0000003c7BIAQ,a2sVj000003PhheIAC,NA,NA,Instruments,NA,FlashDetect Nano,P-6651,NA,Molecular POC Instrument,Yes,NA,NA,"COVID-19, COVID-19/FluA/B, FluA/B/RSV, StrepA, MRSA, MTB, CT/NG/UU, MG/TV/MH, HSV, Dengue, Chikungunya/YV/Dengue, mPox",NA,Bluetooth,12.5x22x29.5,NAT platform,4.4,50,10,Low,Portable charger compatible,2024-03-05 07:53:24,Regulatory Achieved,CE-IVDD,qPCR,Fluorescence,Cartridge-based processing,True Point of Care,Small,20,NA,Already on the market (commercialized),NA,NA,001Vj000007M0GkIAK,"Coyote Bioscience Co., Ltd.",Beijing,China,Western Pacific Region,https://coyotebio.com,China,"Beijing, China",39.9078064,116.39758301
a2vVj000000c7WkIAI,NA,a2rVj0000003c8nIAA,a2sVj000003PhheIAC,NA,NA,Instruments,NA,FlashDetect Nano,P-6652,NA,Molecular POC Instrument,Yes,NA,NA,"COVID-19, COVID-19/FluA/B, FluA/B/RSV, StrepA, MRSA, MTB, CT/NG/UU, MG/TV/MH, HSV, Dengue, Chikungunya/YV/Dengue, mPox",NA,Bluetooth,12.5x22x29.5,NAT platform,4.4,50,10,Low,Portable charger compatible,2024-03-05 07:53:24,Regulatory Achieved,CE-IVDD,qPCR,Fluorescence,Cartridge-based processing,True Point of Care,Small,20,NA,Already on the market (commercialized),NA,NA,001Vj000007M0GkIAK,"Coyote Bioscience Co., Ltd.",Beijing,China,Western Pacific Region,https://coyotebio.com,China,"Beijing, China",39.9078064,116.39758301
a2vVj000000hEvlIAE,NA,a2rVj0000003yvhIAA,a2s690000019K25AAE,NA,NA,Instruments,NA,Pluslife Mini Dock,P-6656,NA,Molecular POC Instrument,Yes,NA,NA,"COVID-19/FluA/B,Mpox,TB, RSV/FluA/B,StrepA, MP, CT/NG/UU, HPV, TV, GBS",Mobile application,Bluetooth,10.1x9.1x6.5,NAT platform,0.21,30,15,Medium,Portable charger compatible,2023-06-20 11:19:30,Regulatory Achieved,CE-IVDD,Isothermal Other,Fluorescence,Cartridge-based processing,True Point of Care,Handheld,35,"HCV,MRSA,Dengue,Malaria, SP",Already on the market (commercialized),NA,NA,00169000031jz3oAAA,"Guangzhou Pluslife Biotech Co., ltd.",Guangzhou,China,Western Pacific Region,https://pluslife.com,China,"Guangzhou, China",23.12907982,113.26435852
a2vVj000000hF2DIAU,NA,a2rVj0000003z29IAA,a2s690000019K25AAE,NA,NA,Instruments,NA,Pluslife Mini Dock,P-6657,NA,Molecular POC Instrument,Yes,NA,NA,"COVID-19/FluA/B,Mpox,TB, RSV/FluA/B,StrepA, MP, CT/NG/UU, HPV, TV, GBS",Mobile application,Bluetooth,10.1x9.1x6.5,NAT platform,0.21,30,15,Medium,Portable charger compatible,2023-06-20 11:19:30,Regulatory Achieved,CE-IVDD,Isothermal Other,Fluorescence,Cartridge-based processing,True Point of Care,Handheld,35,"HCV,MRSA,Dengue,Malaria, SP",Already on the market (commercialized),NA,NA,00169000031jz3oAAA,"Guangzhou Pluslife Biotech Co., ltd.",Guangzhou,China,Western Pacific Region,https://pluslife.com,China,"Guangzhou, China",23.12907982,113.26435852
a2vVj000000hFBtIAM,NA,a2rVj0000003z5NIAQ,a2s690000019K25AAE,NA,NA,Instruments,NA,Pluslife Mini Dock,P-6658,NA,Molecular POC Instrument,Yes,NA,NA,"COVID-19/FluA/B,Mpox,TB, RSV/FluA/B,StrepA, MP, CT/NG/UU, HPV, TV, GBS",Mobile application,Bluetooth,10.1x9.1x6.5,NAT platform,0.21,30,15,Medium,Portable charger compatible,2023-06-20 11:19:30,Regulatory Achieved,CE-IVDD,Isothermal Other,Fluorescence,Cartridge-based processing,True Point of Care,Handheld,35,"HCV,MRSA,Dengue,Malaria, SP",Already on the market (commercialized),NA,NA,00169000031jz3oAAA,"Guangzhou Pluslife Biotech Co., ltd.",Guangzhou,China,Western Pacific Region,https://pluslife.com,China,"Guangzhou, China",23.12907982,113.26435852
a2vVj000000hFOnIAM,NA,a2rVj0000003zF3IAI,a2s690000019K25AAE,NA,NA,Instruments,NA,Pluslife Mini Dock,P-6659,NA,Molecular POC Instrument,Yes,NA,NA,"COVID-19/FluA/B,Mpox,TB, RSV/FluA/B,StrepA, MP, CT/NG/UU, HPV, TV, GBS",Mobile application,Bluetooth,10.1x9.1x6.5,NAT platform,0.21,30,15,Medium,Portable charger compatible,2023-06-20 11:19:30,Regulatory Achieved,CE-IVDD,Isothermal Other,Fluorescence,Cartridge-based processing,True Point of Care,Handheld,35,"HCV,MRSA,Dengue,Malaria, SP",Already on the market (commercialized),NA,NA,00169000031jz3oAAA,"Guangzhou Pluslife Biotech Co., ltd.",Guangzhou,China,Western Pacific Region,https://pluslife.com,China,"Guangzhou, China",23.12907982,113.26435852
a2vVj000000hN1NIAU,NA,a2rVj00000041f3IAA,a2s69000002r1rwAAA,NA,NA,Instruments,NA,Domus Molecular Testing Platform,P-6703,NA,Molecular POC Instrument,Yes,NA,NA,COVID-19/Flu A/B/RSV,NA,NA,NA,NAT instrument-free,NA,NA,NA,High,Power-free,2023-11-21 13:55:33,Research Use Only (RUO),None,Isothermal LAMP,Colorimetric,One-pot,True Point of Care,Handheld,30,"Strep A/B, TB, CT/NG, Dengue, Yellow fever, West Nile Virus",Already on the market (commercialized),NA,NA,0016900002tiOO6AAM,Domus Diagnostics,Durham,United States,Region of the Americas,https://domusdx.com,United States,"Durham, United States",35.99694824,-78.89902496
a2vVj000000slErIAI,NA,a2rVj0000005Bu5IAE,a2sVj000002meIHIAY,NA,NA,Instruments,NA,Scout Hub,P-6714,NA,Molecular POC Instrument,Yes,NA,NA,COVID-19,Mobile application,Bluetooth,6x10x6.5,NAT platform,0.106,30,2,Single pathogen,Portable charger compatible,2024-02-16 13:37:15,Regulatory Achieved,US FDA EUA,Isothermal LAMP,Fluorescence,One-pot,True Point of Care,Handheld,12,CT/NG,Already on the market (commercialized),NA,NA,001Vj0000041QxTIAU,Scout,Santa Clara,United States,Region of the Americas,https://scouthealth.com,United States,"Santa Clara, United States",37.3523941,-121.95307922
a2vVj000000uMCLIA2,NA,NA,a2sVj00000571u9IAA,NA,NA,Instruments,NA,BACT/ALERT VIRTUO,P-6715,NA,Blood Culture Instrument,Yes,NA,NA,Blood culture and sterile body fluids,LIS,Barcode/QR code scanner,91x73x196,Blood culture system,292,28,15,Unknown,Mains power,2024-04-22 12:39:51,Regulatory Achieved,CE;US FDA 510k,Culture,Colorimetric,Culture bottle (blood),Lab-based,Extra large,NA,Unknown,Already on the market (commercialized),Bacteria (Gram+);Bacteria (Gram-);Fungi,428,00169000031ji7jAAA,bioMérieux,Marcy l'Etoile,France,European Region,https://biomerieux-diagnostics.com,France,"Marcy l'Etoile, France",45.78102875,4.70581245
a2vVj000000uMCMIA2,NA,NA,a2sVj00000571uAIAQ,NA,NA,Instruments,NA,BACT/ALERT 3D 240,P-6716,NA,Blood Culture Instrument,Yes,NA,NA,"Blood culture and sterile body fluids, platelet QC testing; Mycobacteria Detection",LIS,Barcode/QR code scanner,62x50x91,Blood culture system,119,30,10,Unknown,Mains power,2024-04-22 12:39:51,Regulatory Achieved,CE;Other;US FDA 510k,Culture,Colorimetric,Culture bottle (blood),Lab-based,Extra large,NA,Unknown,Already on the market (commercialized),Bacteria (Gram+);Bacteria (Gram-);Mycobacteria;Fungi,240,00169000031ji7jAAA,bioMérieux,Marcy l'Etoile,France,European Region,https://biomerieux-diagnostics.com,France,"Marcy l'Etoile, France",45.78102875,4.70581245
a2vVj000000uMCNIA2,NA,NA,a2sVj00000571uBIAQ,NA,NA,Instruments,NA,BACT/ALERT 3D 120 Combo,P-6717,NA,Blood Culture Instrument,Yes,NA,NA,"Blood culture and sterile body fluids, platelet QC testing; Mycobacteria Detection",LIS,Barcode/QR code scanner,62x50x78,Blood culture system,91,30,10,Unknown,Mains power,2024-04-22 12:39:51,Regulatory Achieved,CE;Other;US FDA 510k,Culture,Colorimetric,Culture bottle (blood),Lab-based,Extra large,NA,Unknown,Already on the market (commercialized),Bacteria (Gram+);Bacteria (Gram-);Mycobacteria;Fungi,120,00169000031ji7jAAA,bioMérieux,Marcy l'Etoile,France,European Region,https://biomerieux-diagnostics.com,France,"Marcy l'Etoile, France",45.78102875,4.70581245
a2vVj000000uMCOIA2,NA,NA,a2sVj00000571uCIAQ,NA,NA,Instruments,NA,BACTEC 9240,P-6718,NA,Blood Culture Instrument,Yes,NA,NA,Blood culture and sterile body fluids,LIS,Barcode/QR code scanner,87x62x94,Blood culture system,292,NA,NA,Unknown,Mains power,2024-04-22 12:39:51,Regulatory Achieved,US FDA 510k,Culture,Fluorescence,Culture bottle (blood),Lab-based,Extra large,NA,Unknown,Discontinued,Bacteria (Gram+);Bacteria (Gram-);Fungi,240,001w000001EqeuJAAR,"Becton, Dickinson and Company (BD)",Franklin Lakes,United States,Region of the Americas,https://bd.com,United States,"Franklin Lakes, United States",41.00812912,-74.21038818
a2vVj000000uMCPIA2,NA,NA,a2sVj00000571uDIAQ,NA,NA,Instruments,NA,BACTEC 9120,P-6719,NA,Blood Culture Instrument,Yes,NA,NA,Blood culture and sterile body fluids,LIS,Barcode/QR code scanner,58x41x45,Blood culture system,292,NA,NA,Unknown,Mains power,2024-04-22 12:39:51,Regulatory Achieved,US FDA 510k,Culture,Fluorescence,Culture bottle (blood),Lab-based,Large,NA,Unknown,Discontinued,Bacteria (Gram+);Bacteria (Gram-);Fungi,120,001w000001EqeuJAAR,"Becton, Dickinson and Company (BD)",Franklin Lakes,United States,Region of the Americas,https://bd.com,United States,"Franklin Lakes, United States",41.00812912,-74.21038818
a2vVj000000uMCQIA2,NA,NA,a2sVj00000571uEIAQ,NA,NA,Instruments,NA,BACTEC 9050,P-6720,NA,Blood Culture Instrument,Yes,NA,NA,Blood culture and sterile body fluids,LIS,Barcode/QR code scanner,65x61x72,Blood culture system,47,32,18,Unknown,Mains power,2024-04-22 12:39:51,Regulatory Achieved,US FDA 510k,Culture,Fluorescence,Culture bottle (blood),Lab-based,Large,NA,Unknown,Discontinued,Bacteria (Gram+);Bacteria (Gram-);Fungi,50,001w000001EqeuJAAR,"Becton, Dickinson and Company (BD)",Franklin Lakes,United States,Region of the Americas,https://bd.com,United States,"Franklin Lakes, United States",41.00812912,-74.21038818
a2vVj000000uMCRIA2,NA,NA,a2sVj00000571uFIAQ,NA,NA,Instruments,NA,BACTEC FX40,P-6721,NA,Blood Culture Instrument,Yes,NA,NA,Blood culture and sterile body fluids,LIS,Barcode/QR code scanner,68x59x39,Blood culture system,32,30,18,Unknown,Mains power,2024-04-22 12:39:51,Regulatory Achieved,CE;Other,Culture,Fluorescence,Culture bottle (blood),Lab-based,Large,NA,Unknown,Already on the market (commercialized),Bacteria (Gram+);Bacteria (Gram-);Fungi,40,001w000001EqeuJAAR,"Becton, Dickinson and Company (BD)",Franklin Lakes,United States,Region of the Americas,https://bd.com,United States,"Franklin Lakes, United States",41.00812912,-74.21038818
a2vVj000000uMCSIA2,NA,NA,a2sVj00000571uGIAQ,NA,NA,Instruments,NA,BACTEC FX System,P-6722,NA,Blood Culture Instrument,Yes,NA,NA,Blood culture and sterile body fluids,LIS,Barcode/QR code scanner,87x62x94,Blood culture system,188,30,18,Unknown,Mains power,2024-04-22 12:39:51,Regulatory Achieved,CE,Culture,Fluorescence,Culture bottle (blood),Lab-based,Extra large,NA,Unknown,Already on the market (commercialized),Bacteria (Gram+);Bacteria (Gram-);Fungi,200,001w000001EqeuJAAR,"Becton, Dickinson and Company (BD)",Franklin Lakes,United States,Region of the Americas,https://bd.com,United States,"Franklin Lakes, United States",41.00812912,-74.21038818
a2vVj000000uMCTIA2,NA,NA,a2sVj00000571uHIAQ,NA,NA,Instruments,NA,VersaTREK 240,P-6723,NA,Blood Culture Instrument,Yes,NA,NA,"Blood culture and sterile body fluids;  Mycobacteria detection;  Mycobacterium 
 tuberculosis 
 susceptibility testing",LIS,Barcode/QR code scanner,78x132x103,Blood culture system,298,28,15,Unknown,Mains power,2024-04-22 12:39:51,Regulatory Achieved,Brazil ANVISA;CE-IVDD;US FDA 510k,Culture,Other,Culture bottle (blood),Lab-based,Extra large,NA,Unknown,Already on the market (commercialized),Bacteria (Gram+);Bacteria (Gram-);Mycobacteria;Fungi,96,0016900002uF7iUAAS,ThermoFisher Scientific,Waltham,United States,Region of the Americas,https://thermofisher.com,United States,"Waltham, United States",42.37617111,-71.23899078
a2vVj000000uMCUIA2,NA,NA,a2sVj00000571uIIAQ,NA,NA,Instruments,NA,VersaTREK 528,P-6724,NA,Blood Culture Instrument,Yes,NA,NA,"Blood culture and sterile body fluids;  Mycobacteria detection;  Mycobacterium 
 tuberculosis 
 susceptibility testing",LIS,Barcode/QR code scanner,78x132x194,Blood culture system,550,28,15,Unknown,Mains power,2024-04-22 12:39:51,Regulatory Achieved,Brazil ANVISA;CE-IVDD;US FDA 510k,Culture,Other,Culture bottle (blood),Lab-based,Extra large,NA,Unknown,Already on the market (commercialized),Bacteria (Gram+);Bacteria (Gram-);Mycobacteria;Fungi,336,0016900002uF7iUAAS,ThermoFisher Scientific,Waltham,United States,Region of the Americas,https://thermofisher.com,United States,"Waltham, United States",42.37617111,-71.23899078
a2vVj000000uMCVIA2,NA,NA,a2sVj00000571uJIAQ,NA,NA,Instruments,NA,BC60,P-6725,NA,Blood Culture Instrument,Yes,NA,NA,Blood culture and sterile body fluids,Other,Barcode/QR code scanner,49x41x39,Blood culture system,53,30,10,Unknown,Mains power,2024-04-22 12:39:51,Regulatory Status Unknown,Unknown,Culture,Colorimetric,Culture bottle (blood),Lab-based,Intermediate,NA,Mycobacterial culture bottles,Already on the market (commercialized),Bacteria (Gram+);Bacteria (Gram-),60,0016900002uFRNjAAO,"Autobio Diagnostics Co., Ltd",Zhengzhou,China,Western Pacific Region,https://en.autobio.com.cn,China,"Zhengzhou, China",34.74718857,113.62535095
a2vVj000000uMCWIA2,NA,NA,a2sVj00000571uKIAQ,NA,NA,Instruments,NA,BC120,P-6726,NA,Blood Culture Instrument,Yes,NA,NA,Blood culture and sterile body fluids,Other,Barcode/QR code scanner,51x69x59,Blood culture system,115,30,10,Unknown,Mains power,2024-04-22 12:39:51,Regulatory Achieved,Brazil ANVISA;CE-IVDD,Culture,Colorimetric,Culture bottle (blood),Lab-based,Large,NA,Unknown,Already on the market (commercialized),Bacteria (Gram+);Bacteria (Gram-);Mycobacteria,120,0016900002uFRNjAAO,"Autobio Diagnostics Co., Ltd",Zhengzhou,China,Western Pacific Region,https://en.autobio.com.cn,China,"Zhengzhou, China",34.74718857,113.62535095
a2vVj000000uMCXIA2,NA,NA,a2sVj00000571uLIAQ,NA,NA,Instruments,NA,DL-Blockchain serie BT24/BT48,P-6727,NA,Blood Culture Instrument,Yes,NA,NA,Blood culture and sterile body fluids,LIS,Barcode/QR code scanner,58x26x26,Blood culture system,11.5,30,5,Unknown,Mains power,2024-04-22 12:39:51,Regulatory Achieved,Brazil ANVISA,Culture,Colorimetric,Culture bottle (blood),Lab-based,Large,NA,Unknown,Already on the market (commercialized),Bacteria (Gram+);Bacteria (Gram-);Fungi,24,001Vj000005a5CtIAI,"Zhuhai DL Biotech Co., Ltd",Zhuhai City,China,Western Pacific Region,https://en.medicaldl.com,China,"Zhuhai City, China",22.27086067,113.57666016
a2vVj000000uMCYIA2,NA,NA,a2sVj00000571uMIAQ,NA,NA,Instruments,NA,DL-Blockchain serie BT60/BT120/240,P-6728,NA,Blood Culture Instrument,Yes,NA,NA,Blood culture and sterile body fluids,LIS,Barcode/QR code scanner,74x38x36,Blood culture system,23.5,30,5,Unknown,Mains power,2024-04-22 12:39:51,Regulatory Achieved,Brazil ANVISA,Culture,Colorimetric,Culture bottle (blood),Lab-based,Large,NA,Unknown,Already on the market (commercialized),Bacteria (Gram+);Bacteria (Gram-);Fungi,60,001Vj000005a5CtIAI,"Zhuhai DL Biotech Co., Ltd",Zhuhai City,China,Western Pacific Region,https://en.medicaldl.com,China,"Zhuhai City, China",22.27086067,113.57666016
a2vVj000000uMCZIA2,NA,NA,a2sVj00000571uNIAQ,NA,NA,Instruments,NA,LTS-BMC60,P-6729,NA,Blood Culture Instrument,Yes,NA,NA,Blood culture and sterile body fluids,LIS,Barcode/QR code scanner,80x48x36,Blood culture system,NA,30,10,Unknown,Mains power,2024-04-22 12:39:51,Regulatory Status Unknown,Unknown,Culture,Colorimetric,Culture bottle (blood),Lab-based,Extra large,NA,Unknown,Already on the market (commercialized),Bacteria (Gram+);Bacteria (Gram-),60,0016900002eTaY6AAK,"Zhuhai Lituo Biotechnology Co., ltd.",NA,China,Western Pacific Region,https://lituo.com.cn,China,China,36.55937195,103.7533493
a2vVj000000uMCaIAM,NA,NA,a2sVj00000571uOIAQ,NA,NA,Instruments,NA,LTS-BMC80,P-6730,NA,Blood Culture Instrument,Yes,NA,NA,Blood culture and sterile body fluids,LIS,Barcode/QR code scanner,58x35x84,Blood culture system,NA,30,10,Unknown,Mains power,2024-04-22 12:39:51,Regulatory Status Unknown,Unknown,Culture,Colorimetric,Culture bottle (blood),Lab-based,Extra large,NA,Unknown,Already on the market (commercialized),Bacteria (Gram+);Bacteria (Gram-),80,0016900002eTaY6AAK,"Zhuhai Lituo Biotechnology Co., ltd.",NA,China,Western Pacific Region,https://lituo.com.cn,China,China,36.55937195,103.7533493
a2vVj000000uMCbIAM,NA,NA,a2sVj00000571uPIAQ,NA,NA,Instruments,NA,LTS-BMC90,P-6731,NA,Blood Culture Instrument,Yes,NA,NA,Blood culture and sterile body fluids,LIS,Barcode/QR code scanner,80x48x46,Blood culture system,NA,30,10,Unknown,Mains power,2024-04-22 12:39:51,Regulatory Status Unknown,Unknown,Culture,Colorimetric,Culture bottle (blood),Lab-based,Extra large,NA,Unknown,Already on the market (commercialized),Bacteria (Gram+);Bacteria (Gram-),90,0016900002eTaY6AAK,"Zhuhai Lituo Biotechnology Co., ltd.",NA,China,Western Pacific Region,https://lituo.com.cn,China,China,36.55937195,103.7533493
a2vVj000000uMCcIAM,NA,NA,a2sVj00000571uQIAQ,NA,NA,Instruments,NA,BC32,P-6732,NA,Blood Culture Instrument,Yes,NA,NA,Blood culture and sterile body fluids,LIS,Barcode/QR code scanner,NA,Blood culture system,NA,30,10,Unknown,Mains power,2024-04-22 12:39:51,Regulatory Status Unknown,Unknown,Culture,Colorimetric,Culture bottle (blood),Lab-based,Intermediate,NA,Unknown,Already on the market (commercialized),Bacteria (Gram+);Bacteria (Gram-);Fungi,32,001Vj000005a6LoIAI,"Zhuhai Meihua Medical Technology Co., Ltd.",Zhuhai City,China,Western Pacific Region,http://en.meihuayl.com/,China,"Zhuhai City, China",22.27086067,113.57666016
a2vVj000000uMCdIAM,NA,NA,a2sVj00000571uRIAQ,NA,NA,Instruments,NA,BC64,P-6733,NA,Blood Culture Instrument,Yes,NA,NA,Blood culture and sterile body fluids,LIS,Barcode/QR code scanner,NA,Blood culture system,NA,30,10,Unknown,Mains power,2024-04-22 12:39:51,Regulatory Status Unknown,Unknown,Culture,Colorimetric,Culture bottle (blood),Lab-based,Intermediate,NA,Unknown,Already on the market (commercialized),Bacteria (Gram+);Bacteria (Gram-);Fungi,64,001Vj000005a6LoIAI,"Zhuhai Meihua Medical Technology Co., Ltd.",Zhuhai City,China,Western Pacific Region,http://en.meihuayl.com/,China,"Zhuhai City, China",22.27086067,113.57666016
a2vVj000000uMCeIAM,NA,NA,a2sVj00000571uSIAQ,NA,NA,Instruments,NA,BC128,P-6734,NA,Blood Culture Instrument,Yes,NA,NA,Blood culture and sterile body fluids,LIS,Barcode/QR code scanner,NA,Blood culture system,NA,30,10,Unknown,Mains power,2024-04-22 12:39:51,Regulatory Status Unknown,Unknown,Culture,Colorimetric,Culture bottle (blood),Lab-based,Intermediate,NA,Unknown,Already on the market (commercialized),Bacteria (Gram+);Bacteria (Gram-);Fungi,128,001Vj000005a6LoIAI,"Zhuhai Meihua Medical Technology Co., Ltd.",Zhuhai City,China,Western Pacific Region,http://en.meihuayl.com/,China,"Zhuhai City, China",22.27086067,113.57666016
a2vVj000000uMCfIAM,NA,NA,a2sVj00000571uTIAQ,NA,NA,Instruments,NA,BC256,P-6735,NA,Blood Culture Instrument,Yes,NA,NA,Blood culture and sterile body fluids,LIS,Barcode/QR code scanner,NA,Blood culture system,NA,30,10,Unknown,Mains power,2024-04-22 12:39:51,Regulatory Status Unknown,Unknown,Culture,Colorimetric,Culture bottle (blood),Lab-based,Large,NA,Unknown,Already on the market (commercialized),Bacteria (Gram+);Bacteria (Gram-);Fungi,256,001Vj000005a6LoIAI,"Zhuhai Meihua Medical Technology Co., Ltd.",Zhuhai City,China,Western Pacific Region,http://en.meihuayl.com/,China,"Zhuhai City, China",22.27086067,113.57666016
a2vVj000000uMCgIAM,NA,NA,a2sVj00000571uUIAQ,NA,NA,Instruments,NA,TDR-X030,P-6736,NA,Blood Culture Instrument,Yes,NA,NA,Blood culture and sterile body fluids,LIS,Barcode/QR code scanner,53x36x26,Blood culture system,18,40,0,Unknown,Mains power,2024-04-22 12:39:51,Regulatory Status Unknown,Unknown,Culture,Colorimetric,Culture bottle (blood),Lab-based,Intermediate,NA,Unknown,Already on the market (commercialized),Bacteria (Gram+);Bacteria (Gram-);Fungi,20,0016900002ffK53AAE,"Shenzhen Mindray Bio-Medical Electronics Co., ltd.",Shenzhen,China,Western Pacific Region,https://mindray.com/en/index.html,China,"Shenzhen, China",22.54368019,114.0579071
a2vVj000000uMChIAM,NA,NA,a2sVj00000571uVIAQ,NA,NA,Instruments,NA,TDR-X060,P-6737,NA,Blood Culture Instrument,Yes,NA,NA,Blood culture and sterile body fluids,LIS,Barcode/QR code scanner,72x60x53,Blood culture system,87,35,0,Unknown,Mains power,2024-04-22 12:39:51,Regulatory Status Unknown,Unknown,Culture,Colorimetric,Culture bottle (blood),Lab-based,Large,NA,Unknown,Already on the market (commercialized),Bacteria (Gram+);Bacteria (Gram-);Fungi,60,0016900002ffK53AAE,"Shenzhen Mindray Bio-Medical Electronics Co., ltd.",Shenzhen,China,Western Pacific Region,https://mindray.com/en/index.html,China,"Shenzhen, China",22.54368019,114.0579071
a2vVj000000uMCiIAM,NA,NA,a2sVj00000571uWIAQ,NA,NA,Instruments,NA,TDR-X120,P-6738,NA,Blood Culture Instrument,Yes,NA,NA,Blood culture and sterile body fluids,LIS,Barcode/QR code scanner,72x60x98,Blood culture system,162,35,0,Unknown,Mains power,2024-04-22 12:39:51,Regulatory Status Unknown,Unknown,Culture,Colorimetric,Culture bottle (blood),Lab-based,Extra large,NA,Unknown,Already on the market (commercialized),Bacteria (Gram+);Bacteria (Gram-);Fungi,120,0016900002ffK53AAE,"Shenzhen Mindray Bio-Medical Electronics Co., ltd.",Shenzhen,China,Western Pacific Region,https://mindray.com/en/index.html,China,"Shenzhen, China",22.54368019,114.0579071
a2vVj000000uMCjIAM,NA,NA,a2sVj00000571uXIAQ,NA,NA,Instruments,NA,BC32,P-6739,NA,Blood Culture Instrument,Yes,NA,NA,Blood culture and sterile body fluids,LIS,Barcode/QR code scanner,58x44x44,Blood culture system,30,30,5,Unknown,Mains power,2024-04-22 12:39:51,Regulatory Achieved,CE,Culture,Colorimetric,Culture bottle (blood),Lab-based,Large,NA,Unknown,Already on the market (commercialized),Bacteria (Gram+);Bacteria (Gram-),32,001Vj000005aITNIA2,"Render Biotech Co., Ltd.",Shenzhen,China,Western Pacific Region,https://renderbio.com,China,"Shenzhen, China",22.54368019,114.0579071
a2vVj000000uMCkIAM,NA,NA,a2sVj00000571uYIAQ,NA,NA,Instruments,NA,BC64,P-6740,NA,Blood Culture Instrument,Yes,NA,NA,Blood culture and sterile body fluids,LIS,Barcode/QR code scanner,65x35x78,Blood culture system,51,30,10,Unknown,Mains power,2024-04-22 12:39:51,Regulatory Achieved,CE,Culture,Colorimetric,Culture bottle (blood),Lab-based,Extra large,NA,Unknown,Already on the market (commercialized),Bacteria (Gram+);Bacteria (Gram-),64,001Vj000005aITNIA2,"Render Biotech Co., Ltd.",Shenzhen,China,Western Pacific Region,https://renderbio.com,China,"Shenzhen, China",22.54368019,114.0579071
a2vVj000000uMClIAM,NA,NA,a2sVj00000571uZIAQ,NA,NA,Instruments,NA,BC128,P-6741,NA,Blood Culture Instrument,Yes,NA,NA,Blood culture and sterile body fluids,LIS,Barcode/QR code scanner,66x65x98,Blood culture system,128,30,10,Unknown,Mains power,2024-04-22 12:39:51,Regulatory Achieved,CE,Culture,Colorimetric,Culture bottle (blood),Lab-based,Extra large,NA,Unknown,Already on the market (commercialized),Bacteria (Gram+);Bacteria (Gram-),128,001Vj000005aITNIA2,"Render Biotech Co., Ltd.",Shenzhen,China,Western Pacific Region,https://renderbio.com,China,"Shenzhen, China",22.54368019,114.0579071
a2vVj000000uMCmIAM,NA,NA,a2sVj00000571uaIAA,NA,NA,Instruments,NA,Labstar 50,P-6742,NA,Blood Culture Instrument,Yes,NA,NA,Blood culture and sterile body fluids,Not applicable,Barcode/QR code scanner,67x64x68,Blood culture system,98,30,10,Unknown,Mains power,2024-04-22 12:39:51,Regulatory Achieved,Brazil ANVISA;CE,Culture,Colorimetric,Culture bottle (blood),Lab-based,Large,NA,Unknown,Already on the market (commercialized),Bacteria (Gram+);Bacteria (Gram-);Fungi,50,001Vj000005aIpxIAE,"Scenker Biological Technology Co., Ltd",Liaocheng,China,Western Pacific Region,https://bio-scenker.com,China,"Liaocheng, China",36.45702362,115.98529816
a2vVj000000uMCnIAM,NA,NA,a2sVj00000571ubIAA,NA,NA,Instruments,NA,Labstar 60,P-6743,NA,Blood Culture Instrument,Yes,NA,NA,Blood culture and sterile body fluids,Not applicable,Barcode/QR code scanner,58x60x59,Blood culture system,65,30,10,Unknown,Mains power,2024-04-22 12:39:51,Regulatory Achieved,Brazil ANVISA;CE,Culture,Colorimetric,Culture bottle (blood),Lab-based,Large,NA,Unknown,Already on the market (commercialized),Bacteria (Gram+);Bacteria (Gram-);Fungi,60,001Vj000005aIpxIAE,"Scenker Biological Technology Co., Ltd",Liaocheng,China,Western Pacific Region,https://bio-scenker.com,China,"Liaocheng, China",36.45702362,115.98529816
a2vVj000000uMCoIAM,NA,NA,a2sVj00000571ucIAA,NA,NA,Instruments,NA,Labstar 100,P-6744,NA,Blood Culture Instrument,Yes,NA,NA,Blood culture and sterile body fluids,Not applicable,Barcode/QR code scanner,66x62x82,Blood culture system,110,30,10,Unknown,Mains power,2024-04-22 12:39:51,Regulatory Achieved,Brazil ANVISA;CE,Culture,Colorimetric,Culture bottle (blood),Lab-based,Extra large,NA,Unknown,Already on the market (commercialized),Bacteria (Gram+);Bacteria (Gram-);Fungi,100,001Vj000005aIpxIAE,"Scenker Biological Technology Co., Ltd",Liaocheng,China,Western Pacific Region,https://bio-scenker.com,China,"Liaocheng, China",36.45702362,115.98529816
a2vVj000000uMCpIAM,NA,NA,a2sVj00000571udIAA,NA,NA,Instruments,NA,Labstar 120,P-6745,NA,Blood Culture Instrument,Yes,NA,NA,Blood culture and sterile body fluids,Not applicable,Barcode/QR code scanner,68x61x91,Blood culture system,125,30,10,Unknown,Mains power,2024-04-22 12:39:51,Regulatory Achieved,Brazil ANVISA;CE,Culture,Colorimetric,Culture bottle (blood),Lab-based,Extra large,NA,Unknown,Already on the market (commercialized),Bacteria (Gram+);Bacteria (Gram-);Fungi,120,001Vj000005aIpxIAE,"Scenker Biological Technology Co., Ltd",Liaocheng,China,Western Pacific Region,https://bio-scenker.com,China,"Liaocheng, China",36.45702362,115.98529816
a2vVj000000uMCqIAM,NA,NA,a2sVj00000571ueIAA,NA,NA,Instruments,NA,Labstar 240,P-6746,NA,Blood Culture Instrument,Yes,NA,NA,Blood culture and sterile body fluids,Not applicable,Barcode/QR code scanner,78x65x98,Blood culture system,200,30,10,Unknown,Mains power,2024-04-22 12:39:51,Regulatory Achieved,Brazil ANVISA;CE,Culture,Colorimetric,Culture bottle (blood),Lab-based,Extra large,NA,Unknown,Already on the market (commercialized),Bacteria (Gram+);Bacteria (Gram-);Fungi,60,001Vj000005aIpxIAE,"Scenker Biological Technology Co., Ltd",Liaocheng,China,Western Pacific Region,https://bio-scenker.com,China,"Liaocheng, China",36.45702362,115.98529816
a2vVj000000uMCrIAM,NA,NA,a2sVj00000571ufIAA,NA,NA,Instruments,NA,LTCA02,P-6747,NA,Blood Culture Instrument,Yes,NA,NA,Blood culture and sterile body fluids,Not applicable,Unknown,56x46x58,Blood culture system,70,37,5,Unknown,Mains power,2024-04-22 12:39:51,Regulatory Status Unknown,Unknown,Culture,Colorimetric,Culture bottle (blood),Lab-based,Large,NA,Unknown,Already on the market (commercialized),Bacteria (Gram+);Bacteria (Gram-);Fungi,32,001Vj000005aHh1IAE,"Guangzhou Leyte Medical Equipment Co., Limited",Guangzhou,China,Western Pacific Region,http://leytemedica.com/,China,"Guangzhou, China",23.12907982,113.26435852
a2vVj000000uMCsIAM,NA,NA,a2sVj00000571ugIAA,NA,NA,Instruments,NA,LTCA03,P-6748,NA,Blood Culture Instrument,Yes,NA,NA,Blood culture and sterile body fluids,Not applicable,Unknown,58x56x95,Blood culture system,80,37,5,Unknown,Mains power,2024-04-22 12:39:51,Regulatory Status Unknown,Unknown,Culture,Colorimetric,Culture bottle (blood),Lab-based,Extra large,NA,Unknown,Already on the market (commercialized),Bacteria (Gram+);Bacteria (Gram-);Fungi,64,001Vj000005aHh1IAE,"Guangzhou Leyte Medical Equipment Co., Limited",Guangzhou,China,Western Pacific Region,http://leytemedica.com/,China,"Guangzhou, China",23.12907982,113.26435852
