submission_id,manufacturer,submission_title,type_of_technology,self_testing_self_collection,assay_target,test_format,target_analyte,validated_sample_types,instrument_requirement,level_of_automation,laboratory_point_of_care,time_to_result,connectivity,regulatory_status,clinical_sensitivity,clinical_specificity,stage_of_development,technology_principle,disease_target,permalink,find_evaluation,primary_use_case,regex,country,region
a2669000009j2Ld,INSTITUTO DE BIOLOGIA MOLECULAR DO PARANÁ – IBMP,Kit NAT Chagas,Molecular,Intended for professional use only,DNA,"NAT reagent kit – open source",Unknown,Whole Blood,Standard lab instrumentation is required,Manual,Lab-based,NA,Unknown,Brazil ANVISA,NA,NA,Regulatory Achieved,qPCR,Chagas Disease,NA,NA,Diagnostic/confirmatory test,brazil,Brazil,South America
a266900000BF4X6,"Atlas Link Technology Co., Ltd.",T.cruzi IgG Chagas Test cassette,Immunoassay,Intended for professional use only,Antibody (serological),Rapid diagnostic test (strip or cassette),Chagas IgG,Serum; Plasma,No instrumentation is required,Manual,True Point of Care,15,No,Bolivia AGEMED,92.90 %,99.00 %,Regulatory Achieved,Lateral Flow Assay,Chagas Disease,http://atlas-link.com,No,Diagnostic/confirmatory test,^(?!.*\bmac)(?!.*\bhong)(?!.*\btai)(?!.*\brep).*china|^(?=.*peo)(?=.*rep).*china,China,Asia
a266900000BF6JE,Abbott,Architect Chagas,Immunoassay,Intended for professional use only,Antibody (serological),Chemiluminescent Immunoassay (CLIA),Unknown,Unknown,A proprietary/new instrument is required,Fully automated (including sample preparation),Lab-based,NA,Yes,Brazil ANVISA; Colombia INVIMA,98.44 %,97.96 %,Regulatory Achieved,ELISA/EIA,Chagas Disease,https://www.corelaboratory.abbott/us/en/offerings/brands/architect,No,NA,united.?states\b(?!.*islands)|\bu\.?s\.?a\.?\b|^\s*u\.?s\.?\b(?!.*islands),United States,North America
a266900000BF6JM,Artron Laboratories Inc.,Chagas Antibody Test Cassette,Immunoassay,Intended for professional use only,Antibody (serological),Rapid diagnostic test (strip or cassette),Chagas IgG; Chagas IgM,Serum; Plasma; Whole Blood,No instrumentation is required,Manual,True Point of Care,NA,No,CE-IVD; Colombia INVIMA; Paraguay DINAVISA,98.50 %,100.00 %,Regulatory Achieved,Lateral Flow Assay,Chagas Disease,http://artronlab.com,No,Triage/Screening,canada,Canada,North America
a266900000BF6JR,"Laboratorios Silanes, S.A. de C.V.",Chagas Instantest,Immunoassay,Intended for professional use only,Antibody (serological),Rapid diagnostic test (strip or cassette),Unknown,Serum; Plasma,No instrumentation is required,Manual,near Point of Care,30,No,Mexico COFEPRIS,79.60 %,79.00 %,Regulatory Achieved,Lateral Flow Assay,Chagas Disease,http://silanes.com.mx,No,Diagnostic/confirmatory test,\bmexic,Mexico,North America
a266900000BF6Iu,Werfen,BioELISA Chagas,Immunoassay,Intended for professional use only,Antibody (serological),Reagent Kit,Unknown,Serum; Plasma,Standard lab instrumentation is required,Manual,Lab-based,100,No,Colombia INVIMA; Chile ANAMED,100.00 %,99.23 %,Regulatory Achieved,ELISA/EIA,Chagas Disease,https://www.werfen.com/oem/bioelisa-chagas,No,NA,spain,Spain,Europe
a266900000BF4XO,Creative Diagnostics,Chagas Ab Rapid Test,Immunoassay,Intended for professional use only,Antibody (serological),Rapid diagnostic test (strip or cassette),Chagas Total Antibody,Serum,No instrumentation is required,Manual,near Point of Care,10,No,None,NA,NA,Research Use Only (RUO),Lateral Flow Assay,Chagas Disease,http://creative-diagnostics.com,No,Diagnostic/confirmatory test,united.?states\b(?!.*islands)|\bu\.?s\.?a\.?\b|^\s*u\.?s\.?\b(?!.*islands),United States,North America
a266900000BF4XX,"Hangzhou AllTest Biotech Co.,ltd.",Chagas Rapid Test Cassette (S/P),Immunoassay,Intended for professional use only,Antibody (serological),Rapid diagnostic test (strip or cassette),Chagas IgG,Serum; Plasma,No instrumentation is required,Manual,near Point of Care,15,No,CE-IVD; Bolivia AGEMED,92.90 %,99.00 %,Regulatory Achieved,Lateral Flow Assay,Chagas Disease,http://alltests.com.cn,No,Diagnostic/confirmatory test,^(?!.*\bmac)(?!.*\bhong)(?!.*\btai)(?!.*\brep).*china|^(?=.*peo)(?=.*rep).*china,China,Asia
a266900000BF4XY,Acro Biotech Inc.,Chagas Rapid Test Cassette S/P,Immunoassay,Intended for professional use only,Antibody (serological),Rapid diagnostic test (strip or cassette),Chagas IgG,Serum; Plasma,No instrumentation is required,Manual,near Point of Care,15,No,CE-IVD; Bolivia AGEMED,92.90 %,99.00 %,Regulatory Achieved,Lateral Flow Assay,Chagas Disease,http://acrobiotech.com,No,Diagnostic/confirmatory test,united.?states\b(?!.*islands)|\bu\.?s\.?a\.?\b|^\s*u\.?s\.?\b(?!.*islands),United States,North America
a266900000BF4XZ,Rapid Labs ltd.,Chagas Ab Rapid Test,Immunoassay,Intended for professional use only,Antibody (serological),Rapid diagnostic test (strip or cassette),Chagas IgG,Serum; Plasma; Finger prick blood; Venous blood,No instrumentation is required,Manual,True Point of Care,15,No,CE-IVD; Bolivia AGEMED; Ecuador ARCSA,92.90 %,98.40 %,Regulatory Achieved,Lateral Flow Assay,Chagas Disease,http://rapidlabs.co.uk,No,Diagnostic/confirmatory test,united.?kingdom|britain|^u\.?k\.?$,United Kingdom,Europe
a266900000BF4Xa,"Hangzhou AllTest Biotech Co.,ltd.",Chagas Rapid Test Cassette (WB/S/P),Immunoassay,Intended for professional use only,Antibody (serological),Rapid diagnostic test (strip or cassette),Chagas IgG,Serum; Plasma; Finger prick blood; Venous blood,No instrumentation is required,Manual,True Point of Care,15,No,CE-IVD; Bolivia AGEMED; Ecuador ARCSA,92.90 %,98.40 %,Regulatory Achieved,Lateral Flow Assay,Chagas Disease,http://alltests.com.cn,No,Diagnostic/confirmatory test,^(?!.*\bmac)(?!.*\bhong)(?!.*\btai)(?!.*\brep).*china|^(?=.*peo)(?=.*rep).*china,China,Asia
a266900000BF4Xb,Biozek Medical,Chagas Rapid Test Cassette- WB/S/P,Immunoassay,Intended for professional use only,Antibody (serological),Rapid diagnostic test (strip or cassette),Chagas IgG,Serum; Plasma; Finger prick blood; Venous blood,No instrumentation is required,Manual,True Point of Care,15,No,CE-IVD; Bolivia AGEMED; Ecuador ARCSA,92.90 %,98.40 %,Regulatory Achieved,Lateral Flow Assay,Chagas Disease,http://biozek.com,No,Diagnostic/confirmatory test,^(?!.*\bant)(?!.*\bcarib).*netherlands,Netherlands,Europe
a266900000BF4Xc,Acro Biotech Inc.,Chagas Rapid Test Cassette- WB/S/P,Immunoassay,Intended for professional use only,Antibody (serological),Rapid diagnostic test (strip or cassette),Chagas IgG,Serum; Plasma; Finger prick blood; Venous blood,No instrumentation is required,Manual,True Point of Care,15,No,CE-IVD; Bolivia AGEMED; Ecuador ARCSA,92.90 %,98.40 %,Regulatory Achieved,Lateral Flow Assay,Chagas Disease,http://acrobiotech.com,No,Diagnostic/confirmatory test,united.?states\b(?!.*islands)|\bu\.?s\.?a\.?\b|^\s*u\.?s\.?\b(?!.*islands),United States,North America
a266900000BF4Xd,Progenie Molecular S.L.U.,RealCycler CHAG,Molecular,Intended for professional use only,DNA,Unspecified,Unknown,Unknown,Standard lab instrumentation is required,Manual,Lab-based,NA,No,Unknown,NA,NA,Regulatory Achieved,qPCR,Chagas Disease,https://www.progenie-molecular.com/en/Service_Diagnostics_Infectious_Diseases_IN.html,NA,NA,spain,Spain,Europe
a266900000BF4Xg,altona Diagnostics GmbH,RealStar® Chagas PCR Kit,Molecular,Intended for professional use only,DNA,"NAT reagent kit – open source",Unknown,Unknown,Standard lab instrumentation is required,Manual,Lab-based,NA,No,CE-IVD,NA,NA,Regulatory Achieved,qPCR,Chagas Disease,https://www.altona-diagnostics.com/en/products/reagents-140/reagents/realstar-real-time-pcr-reagents/realstar-chagas-pcr-kit-ce-175.html,No,Diagnostic/confirmatory test,^(?!.*east).*germany|^(?=.*\bfed.*\brep).*german,Germany,Europe
a266900000BF4Xh,CerTest Biotec S.L.,VIASURE Trypanosoma cruzi Real Time PCR Detection Kit,Molecular,Intended for professional use only,DNA,"NAT reagent kit – open source",Other,Serum; Plasma; Whole Blood,Standard lab instrumentation is required,Manual,Lab-based,70,No,CE-IVD,NA,NA,Regulatory Achieved,qPCR,Chagas Disease,https://www.certest.es/products/trypanosoma-cruzi-chagas/,No,Diagnostic/confirmatory test,spain,Spain,Europe
a266900000BF4Xi,DIA.PRO Diagnostic Bioprobes S.r.l.,TCRUZIDNA.CE,Molecular,Intended for professional use only,DNA,"NAT reagent kit – open source",Unknown,Whole Blood,Standard lab instrumentation is required,Manual,Lab-based,NA,No,CE-IVD,100.00 %,100.00 %,Regulatory Achieved,qPCR,Chagas Disease,https://www.diapro.it/products/trypanosoma-cruzi-dna-pcr/,No,Diagnostic/confirmatory test,italy,Italy,Europe
a266900000BF4Xj,Wiener Lab,T. cruzi DNA qPCR kit,Molecular,Intended for professional use only,DNA,"NAT reagent kit – open source",Other,Whole Blood,Standard lab instrumentation is required,Manual,Lab-based,NA,No,CE-IVD; Argentina ANMAT,81.82 %,98.70 %,Regulatory Achieved,qPCR,Chagas Disease,https://www.wiener-lab.com/SitePages/HomePortal.aspx,No,Diagnostic/confirmatory test,argentin,Argentina,South America
a266900000BF4Xk,Vivantis Technologies Sdn Bhd,ViPrimePLUS Trypasoma cruzi qPCR kit,Molecular,Intended for professional use only,DNA,"NAT reagent kit – open source",Unknown,Whole Blood,Standard lab instrumentation is required,Manual,Lab-based,NA,No,Unknown,NA,NA,Research Use Only (RUO),qPCR,Chagas Disease,http://www.vivantechnologies.com/index.php?option=com_content&view=article&id=647:viprimeplus-trypanosoma-cruzi-qpcr-kit&Itemid=98,No,NA,malaysia,Malaysia,Asia
a266900000BF4Vy,Wiener Lab,Chagatest ELISA lisado,Immunoassay,Intended for professional use only,Antibody (serological),Reagent Kit,Chagas IgG,Serum; Plasma,Standard lab instrumentation is required,Manual,Lab-based,95,No,Brazil ANVISA; CE-IVD; Colombia INVIMA; Ecuador ARCSA,100.00 %,99.29 %,Regulatory Achieved,ELISA/EIA,Chagas Disease,https://www.wiener-lab.com/EN/SitePages/Chagas.aspx,No,Diagnostic/confirmatory test,argentin,Argentina,South America
a266900000BF4Vz,Wiener Lab,Chagatest ELISA recombinante v.4.0,Immunoassay,Intended for professional use only,Antibody (serological),Reagent Kit,Chagas IgG,Serum; Plasma,Standard lab instrumentation is required,Manual,Lab-based,130,No,Brazil ANVISA; CE-IVD; Colombia INVIMA; Ecuador ARCSA; Chile ANAMED,100.00 %,99.66 %,Regulatory Achieved,ELISA/EIA,Chagas Disease,https://www.wiener-lab.com/EN/SitePages/Chagas.aspx,No,Diagnostic/confirmatory test,argentin,Argentina,South America
a266900000BF4W0,Cellabs Pty Ltd,Cellabs T. cruzi IgG CELISA II,Immunoassay,Intended for professional use only,Antibody (serological),Reagent Kit,Chagas IgG,Serum; Plasma,Standard lab instrumentation is required,Manual,Lab-based,115,No,CE-IVD,NA,NA,Regulatory Achieved,ELISA/EIA,Chagas Disease,https://www.cellabs.com.au/trypanosomiasis,NA,Diagnostic/confirmatory test,australia,Australia,Oceania
a266900000BF4W2,GrupoBios,ELISA Chagas III,Immunoassay,Intended for professional use only,Antibody (serological),Reagent Kit,Chagas Total Antibody,Serum; Plasma,Standard lab instrumentation is required,Manual,Lab-based,110,No,CE-IVD; Colombia INVIMA; Bolivia AGEMED; Ecuador ARCSA; Chile ANAMED,100.00 %,100.00 %,Regulatory Achieved,ELISA/EIA,Chagas Disease,https://grupobios.cl/es/cotizacion-online/555-test-elisa-chagas-iii.html,No,Triage/Screening,\bchile,Chile,South America
a266900000BF4W3,IBL International GmbH,Chagas (Trypanosoma cruzi) IgG ELISA,Immunoassay,Intended for professional use only,Antibody (serological),Reagent Kit,Chagas IgG,Serum; Plasma,Standard lab instrumentation is required,Manual,Lab-based,145,No,CE-IVD; Ecuador ARCSA,100.00 %,100.00 %,Regulatory Achieved,ELISA/EIA,Chagas Disease,https://www.ibl-international.com/en/chagas-trypanosoma-cruzi-igg-elisa,No,Diagnostic/confirmatory test,^(?!.*east).*germany|^(?=.*\bfed.*\brep).*german,Germany,Europe
a266900000BF4W4,NovaTec Immundiagnostica GmbH,NovaLisa Chagas (Trypanosoma cruzi),Immunoassay,Intended for professional use only,Antibody (serological),Reagent Kit,Chagas IgG,Serum; Plasma,Standard lab instrumentation is required,Manual,Lab-based,145,No,CE-IVD; Bolivia AGEMED; Ecuador ARCSA,100.00 %,100.00 %,Regulatory Achieved,ELISA/EIA,Chagas Disease,https://www.novatec-id.com/products/novalisa/product/chagas-trypanosoma-cruzi-igg-1.html?L=0&cHash=f33f53af20baf1132df5af085abb6bda,No,Diagnostic/confirmatory test,^(?!.*east).*germany|^(?=.*\bfed.*\brep).*german,Germany,Europe
a266900000BF4W5,ATGen Diagnostica,Celquest Chagas ELISA,Immunoassay,Intended for professional use only,Antibody (serological),Reagent Kit,Chagas IgG,Serum; Plasma,Standard lab instrumentation is required,Manual,Lab-based,100,No,Colombia INVIMA; Chile ANAMED,99.50 %,100.00 %,Regulatory Achieved,ELISA/EIA,Chagas Disease,http://www.atgen.com.uy/sitio/research/serologia-chagas/,No,Diagnostic/confirmatory test,uruguay,Uruguay,South America
a266900000BF4Wa,Wiener Lab,Chagastest HAI,Immunoassay,Intended for professional use only,Antibody (serological),Slide Agglutination,Unknown,Serum,No instrumentation is required,Manual,Lab-based,90,No,Brazil ANVISA; CE-IVD; Colombia INVIMA; Ecuador ARCSA,100.00 %,98.00 %,Regulatory Achieved,Agglutination,Chagas Disease,https://www.wiener-lab.com/EN/SitePages/Chagas.aspx,No,Diagnostic/confirmatory test,argentin,Argentina,South America
a266900000BF4Wb,Wama Diagnóstica,Imuno-HAI Chagas,Immunoassay,Intended for professional use only,Antibody (serological),Slide Agglutination,Unknown,Serum,No instrumentation is required,Manual,Lab-based,65,No,Brazil ANVISA; CE-IVD,100.00 %,98.70 %,Regulatory Achieved,Agglutination,Chagas Disease,https://www.wamadiagnostica.com.br/reagentes/imuno-hai/,No,Diagnostic/confirmatory test,brazil,Brazil,South America
a266900000BF4Wc,Laboratorio Lemos SRL,HAI CHAGAS POLYCHACO,Immunoassay,Intended for professional use only,Antibody (serological),Slide Agglutination,Unknown,Serum,No instrumentation is required,Manual,Lab-based,120,No,Bolivia AGEMED; Argentina ANMAT,100.00 %,95.00 %,Regulatory Achieved,Agglutination,Chagas Disease,https://www.lab-lemos.com/,No,Diagnostic/confirmatory test,argentin,Argentina,South America
a266900000BF4Wg,Biocientífica,Inmunofluor Chagas,Immunoassay,Intended for professional use only,Antibody (serological),Reagent Kit,Chagas IgG; Chagas IgM; Chagas IgA,Serum,Standard lab instrumentation is required,Manual,Lab-based,150,No,CE-IVD; Bolivia AGEMED; Paraguay DINAVISA; Ecuador ARCSA,70.00 %,NA,Regulatory Achieved,Immunofluorescence Assay (microscopy),Chagas Disease,https://www.biocientifica.com.ar/es_arg/novedades/11-promociones/1541-inmunofluor-chagas-sensibilidad-del-100-en-la-etapa-cronica-de-la-enfermedad,No,Diagnostic/confirmatory test,argentin,Argentina,South America
a266900000BF4Wh,Wama Diagnóstica,Imuno-CON Chagas,Immunoassay,Intended for professional use only,Antibody (serological),Reagent Kit,Unknown,Serum,Standard lab instrumentation is required,Manual,Lab-based,110,No,Brazil ANVISA; CE-IVD,100.00 %,100.00 %,Regulatory Achieved,Immunofluorescence Assay (microscopy),Chagas Disease,https://www.wamadiagnostica.com.br/reagentes/imuno-con/,No,Diagnostic/confirmatory test,brazil,Brazil,South America
a266900000BF4Wi,Vircell S.L.,Chagas IFA IgG + IgM,Immunoassay,Intended for professional use only,Antibody (serological),Reagent Kit,Chagas IgG; Chagas IgM,Serum; Plasma,Standard lab instrumentation is required,Manual,Lab-based,NA,No,Brazil ANVISA; CE-IVD,100.00 %,98.60 %,Regulatory Achieved,Immunofluorescence Assay (microscopy),Chagas Disease,https://en.vircell.com/products/chagas-ifa/,No,Diagnostic/confirmatory test,spain,Spain,Europe
a266900000BF4Wl,Vircell S.L.,Chagas Virclia IgG + IgM MONOTEST,Immunoassay,Intended for professional use only,Antibody (serological),Chemiluminescent Immunoassay (CLIA),Chagas IgG; Chagas IgM,Serum; Plasma,Standard lab instrumentation is required,Manual,Lab-based,70,No,Brazil ANVISA; CE-IVD; Colombia INVIMA; Ecuador ARCSA,100.00 %,99.30 %,Regulatory Achieved,ELISA/EIA,Chagas Disease,https://en.vircell.com/products/chagas-virclia/,No,Diagnostic/confirmatory test,spain,Spain,Europe
a266900000BF4Wm,Vircell S.L.,Chagas TESA Virclia IgG + IgM MONOTEST,Immunoassay,Intended for professional use only,Antibody (serological),Chemiluminescent Immunoassay (CLIA),Chagas IgG; Chagas IgM,Serum; Plasma,Standard lab instrumentation is required,Manual,Lab-based,NA,No,CE-IVD; Colombia INVIMA; Ecuador ARCSA,95.00 %,100.00 %,Regulatory Achieved,ELISA/EIA,Chagas Disease,https://en.vircell.com/products/chagas-virclia/,No,Diagnostic/confirmatory test,spain,Spain,Europe
a266900000BF4XH,OPERON,Simple Chagas WB test,Immunoassay,Intended for professional use only,Antibody (serological),Rapid diagnostic test (strip or cassette),Unknown,Serum; Plasma; Finger prick blood; Venous blood,No instrumentation is required,Manual,True Point of Care,10,No,CE-IVD,93.20 %,99.10 %,Regulatory Achieved,Lateral Flow Assay,Chagas Disease,http://operon.es,No,Diagnostic/confirmatory test,spain,Spain,Europe
a266900000BF4XI,Bio-Manguinhos | Fiocruz,TR Chagas - Bio-Manguinhos,Immunoassay,Intended for professional use only,Antibody (serological),Rapid diagnostic test (strip or cassette),Unknown,Serum; Plasma; Finger prick blood; Venous blood,No instrumentation is required,Manual,True Point of Care,15,No,Brazil ANVISA,99.40 %,98.50 %,Regulatory Achieved,Lateral Flow Assay,Chagas Disease,http://bio.fiocruz.br,No,Diagnostic/confirmatory test,brazil,Brazil,South America
a266900000BF4XJ,Laboratorio Lemos SRL,Chagas Rapido First Response,Immunoassay,Intended for professional use only,Antibody (serological),Rapid diagnostic test (strip or cassette),Unknown,Serum; Plasma; Finger prick blood; Venous blood,No instrumentation is required,Manual,True Point of Care,20,No,Bolivia AGEMED; Argentina ANMAT,96.40 %,96.00 %,Regulatory Achieved,Lateral Flow Assay,Chagas Disease,http://lab-lemos.com,No,Diagnostic/confirmatory test,argentin,Argentina,South America
a266900000BF4XK,VedaLab,Chagas (Trypanosoma cruzi),Immunoassay,Intended for professional use only,Antibody (serological),Rapid diagnostic test (strip or cassette),Unknown,Serum; Plasma; Whole Blood,No instrumentation is required,Manual,True Point of Care,10,No,CE-IVD,NA,NA,Regulatory Achieved,Lateral Flow Assay,Chagas Disease,http://vedalab.com,NA,NA,^(?!.*\bdep)(?!.*martinique).*france|french.?republic|\bgaul,France,Europe
a266900000BF4XN,Coris BioConcept,Chagas Sero K-SeT rapid diagnostic test (RUO),Immunoassay,Intended for professional use only,Antibody (serological),Rapid diagnostic test (strip or cassette),Chagas IgG,Serum; Plasma,No instrumentation is required,Manual,near Point of Care,15,No,None,73.70 %,76.30 %,Research Use Only (RUO),Lateral Flow Assay,Chagas Disease,http://corisbio.com,No,Diagnostic/confirmatory test,^(?!.*luxem).*belgium,Belgium,Europe
a266900000BF4W6,Research Institute for Health Sciences (University of Asuncion),Chagas Test ELISA,Immunoassay,Intended for professional use only,Antibody (serological),Reagent Kit,Chagas IgG,Serum; Whole Blood,Standard lab instrumentation is required,Manual,Lab-based,110,No,Unknown,97.00 %,98.00 %,Regulatory Achieved,ELISA/EIA,Chagas Disease,NA,No,Diagnostic/confirmatory test,paraguay,Paraguay,South America
a266900000BF4W7,Research Institute for Health Sciences (University of Asuncion),Chagas V2-IICS,Immunoassay,Intended for professional use only,Antibody (serological),Reagent Kit,Chagas IgG,Serum,Standard lab instrumentation is required,Manual,Lab-based,60,No,Unknown,98.00 %,98.00 %,Regulatory Achieved,ELISA/EIA,Chagas Disease,NA,No,Diagnostic/confirmatory test,paraguay,Paraguay,South America
a266900000BF4W9,Vircell S.L.,Chagas ELISA IgG + IgM,Immunoassay,Intended for professional use only,Antibody (serological),Reagent Kit,Chagas IgG; Chagas IgM,Serum; Plasma,Standard lab instrumentation is required,Manual,Lab-based,100,No,CE-IVD; Colombia INVIMA; Ecuador ARCSA,100.00 %,98.00 %,Regulatory Achieved,ELISA/EIA,Chagas Disease,https://en.vircell.com/products/chagas-elisa/,No,Diagnostic/confirmatory test,spain,Spain,Europe
a266900000BF4WA,Vircell S.L.,Chagas TESA ELISA IgG + IgM,Immunoassay,Intended for professional use only,Antibody (serological),Reagent Kit,Chagas IgG; Chagas IgM,Serum; Plasma,Standard lab instrumentation is required,Manual,Lab-based,170,No,CE-IVD; Colombia INVIMA; Ecuador ARCSA,99.00 %,99.00 %,Regulatory Achieved,ELISA/EIA,Chagas Disease,https://en.vircell.com/products/chagas-elisa/,No,Diagnostic/confirmatory test,spain,Spain,Europe
a266900000BF4WB,AbCam,Anti-Chagas IgG ELISA Kit,Immunoassay,Intended for professional use only,Antibody (serological),Reagent Kit,Chagas IgG,Serum; Plasma,Standard lab instrumentation is required,Manual,Lab-based,145,No,None,100.00 %,98.90 %,Research Use Only (RUO),ELISA/EIA,Chagas Disease,https://www.abcam.com/chagas-igg-elisa-kit-ab178637.html,No,NA,united.?kingdom|britain|^u\.?k\.?$,United Kingdom,Europe
a266900000BF4WC,"CTK Biotech, inc.",Chagas IgG ELISA CE,Immunoassay,Intended for professional use only,Antibody (serological),Reagent Kit,Chagas IgG,Serum; Plasma,Standard lab instrumentation is required,Manual,Lab-based,20,No,Bolivia AGEMED,NA,NA,Regulatory Achieved,ELISA/EIA,Chagas Disease,https://ctkbiotech.com/product/chagas-igg-elisa-test-ce/,NA,Triage/Screening,united.?states\b(?!.*islands)|\bu\.?s\.?a\.?\b|^\s*u\.?s\.?\b(?!.*islands),United States,North America
a266900000BF4WD,Diagnostic Automation / Cortez Diagnostics (DACD),AccuDiag™ Chagas ELISA Kit,Immunoassay,Intended for professional use only,Antibody (serological),Reagent Kit,Chagas IgG,Serum; Plasma,Standard lab instrumentation is required,Manual,Lab-based,25,No,CE-IVD,96.30 %,97.30 %,Regulatory Achieved,ELISA/EIA,Chagas Disease,http://www.rapidtest.com/,No,Diagnostic/confirmatory test,united.?states\b(?!.*islands)|\bu\.?s\.?a\.?\b|^\s*u\.?s\.?\b(?!.*islands),United States,North America
a266900000BF4WE,"DRG International, Inc.",DRG Trypanosoma cruzi IgG,Immunoassay,Intended for professional use only,Antibody (serological),Reagent Kit,Chagas IgG,Serum; Plasma,Standard lab instrumentation is required,Manual,Lab-based,110,No,CE-IVD,100.00 %,100.00 %,Regulatory Achieved,ELISA/EIA,Chagas Disease,https://www.drg-diagnostics.de/45-1-DRG+Infectious+Diseases+ELISAs.html?ItemPage=2,No,Diagnostic/confirmatory test,united.?states\b(?!.*islands)|\bu\.?s\.?a\.?\b|^\s*u\.?s\.?\b(?!.*islands),United States,North America
a266900000BF4WG,Ortho Diagnostics & Johson and Jhonson,ORTHO T. cruzi ELISA Test System,Immunoassay,Intended for professional use only,Antibody (serological),Reagent Kit,Unknown,Serum; Plasma,A proprietary/new instrument is required,Fully automated (including sample preparation),Lab-based,40,Unknown,CE-IVD,98.90 %,99.00 %,Regulatory Achieved,ELISA/EIA,Chagas Disease,https://pdf.medicalexpo.com/pdf/ortho-clinical-diagnostics/ortho-t-cruzi-elisa-test-system/71130-133019.html,No,Triage/Screening,united.?states\b(?!.*islands)|\bu\.?s\.?a\.?\b|^\s*u\.?s\.?\b(?!.*islands),United States,North America
a266900000BF4WH,DIA.PRO Diagnostic Bioprobes S.r.l.,T.cruzi Ab ELISA,Immunoassay,Intended for professional use only,Antibody (serological),Reagent Kit,Chagas IgG; Chagas IgM,Serum; Plasma,Standard lab instrumentation is required,Manual,Lab-based,115,No,CE-IVD; Colombia INVIMA,100.00 %,99.50 %,Regulatory Achieved,ELISA/EIA,Chagas Disease,https://www.diapro.it/products/t-cruzi-ab-elisa/,No,Triage/Screening,italy,Italy,Europe
a266900000BF4WI,MyBiosource.com,Tryanosoma cruzi IgG ELISA Kit,Immunoassay,Intended for professional use only,Antibody (serological),Reagent Kit,Chagas IgG,Serum; Plasma,Standard lab instrumentation is required,Manual,Lab-based,105,No,Unknown,99.00 %,99.00 %,Research Use Only (RUO),ELISA/EIA,Chagas Disease,https://www.mybiosource.com/elisa-kits/chagas-trypanosoma-cruzi-igg/495311,No,NA,canada,Canada,North America
a266900000BF4WJ,Demeditec Diagnostics GmbH,Chagas (Trypanosoma cruzi) IgG ELISA,Immunoassay,Intended for professional use only,Antibody (serological),Reagent Kit,Chagas IgG,Serum; Plasma,Standard lab instrumentation is required,Manual,Lab-based,105,No,CE-IVD,100.00 %,100.00 %,Regulatory Achieved,ELISA/EIA,Chagas Disease,https://www.demeditec.com/en/products/chagas-trypanosoma-cruzi-igg-elisa-deno0114,No,Diagnostic/confirmatory test,^(?!.*east).*germany|^(?=.*\bfed.*\brep).*german,Germany,Europe
a266900000BF4WK,"GenWay Biotech, Inc.",Chagas (Trypanosoma cruzi) IgG ELISA,Immunoassay,Intended for professional use only,Antibody (serological),Reagent Kit,Chagas IgG,Serum; Plasma,Standard lab instrumentation is required,Manual,Lab-based,105,No,Unknown,NA,NA,Research Use Only (RUO),ELISA/EIA,Chagas Disease,https://www.genwaybio.com/chagas-trypanosoma-cruzi-igg-elisa,NA,NA,united.?states\b(?!.*islands)|\bu\.?s\.?a\.?\b|^\s*u\.?s\.?\b(?!.*islands),United States,North America
a266900000BF4WL,Tecnosuma International,Umelisa Chagas,Immunoassay,Intended for professional use only,Antibody (serological),Reagent Kit,Chagas IgG,Serum; Plasma; Whole Blood,A proprietary/new instrument is required,Manual,Lab-based,130,Unknown,Brazil ANVISA; Colombia INVIMA; Bolivia AGEMED,100.00 %,100.00 %,Regulatory Achieved,ELISA/EIA,Chagas Disease,https://tecnosuma.co/,No,Triage/Screening,\bcuba,Cuba,North America
a266900000BF4WN,Human Gesellschaft für Biochemica und Diagnostica mbH,Chagas Rec ELISA,Immunoassay,Intended for professional use only,Antibody (serological),Reagent Kit,Unknown,Unknown,Standard lab instrumentation is required,Manual,Lab-based,NA,No,Ecuador ARCSA; Chile ANAMED,NA,NA,Regulatory Achieved,ELISA/EIA,Chagas Disease,https://www.human.de/products/,NA,NA,^(?!.*east).*germany|^(?=.*\bfed.*\brep).*german,Germany,Europe
a266900000BF4Vw,Laboratorio Lemos SRL,Chagatek ELISA,Immunoassay,Intended for professional use only,Antibody (serological),Reagent Kit,Chagas IgG,Serum,Standard lab instrumentation is required,Manual,Lab-based,70,No,Colombia INVIMA; Bolivia AGEMED; Argentina ANMAT; Chile ANAMED,100.00 %,99.00 %,Regulatory Achieved,ELISA/EIA,Chagas Disease,https://www.lab-lemos.com/productos,No,Diagnostic/confirmatory test,argentin,Argentina,South America
a266900000BF4Vx,Laboratorio Lemos SRL,Chagatek ELISA Recombinant,Immunoassay,Intended for professional use only,Antibody (serological),Reagent Kit,Unknown,Serum; Plasma,Standard lab instrumentation is required,Manual,Lab-based,100,No,Colombia INVIMA; Bolivia AGEMED; Chile ANAMED,NA,NA,Regulatory Achieved,ELISA/EIA,Chagas Disease,https://www.lab-lemos.com/productos,NA,Diagnostic/confirmatory test,argentin,Argentina,South America
a266900000BF4WQ,Omega Diagnostics,Pathozyme Chagas,Immunoassay,Intended for professional use only,Antibody (serological),Reagent Kit,Chagas IgG,Serum,Standard lab instrumentation is required,Manual,Lab-based,NA,No,CE-IVD; Ecuador ARCSA,97.06 %,99.34 %,Regulatory Achieved,ELISA/EIA,Chagas Disease,https://www.omegadx.com/,No,NA,united.?kingdom|britain|^u\.?k\.?$,United Kingdom,Europe
a266900000BF4Ww,Roche Diagnostics GmbH,Elecsys Chagas,Immunoassay,Intended for professional use only,Antibody (serological),Chemiluminescent Immunoassay (CLIA),Chagas IgG; Chagas IgM; Chagas IgA,Serum; Plasma,A proprietary/new instrument is required,Fully automated (including sample preparation),Lab-based,NA,Unknown,Brazil ANVISA; Colombia INVIMA; Ecuador ARCSA,100.00 %,99.90 %,Regulatory Achieved,ELISA/EIA,Chagas Disease,https://diagnostics.roche.com/global/en/products/params/elecsys-chagas.html,No,Diagnostic/confirmatory test,^(?!.*east).*germany|^(?=.*\bfed.*\brep).*german,Germany,Europe
a266900000BF4Wy,"CTK Biotech, inc.",Onsite Chagas Ab Rapid test,Immunoassay,Intended for professional use only,Antibody (serological),Rapid diagnostic test (strip or cassette),Chagas IgG,Serum; Finger prick blood; Venous blood,No instrumentation is required,Manual,True Point of Care,15,No,Brazil ANVISA; CE-IVD; Colombia INVIMA; Bolivia AGEMED,92.90 %,100.00 %,Regulatory Achieved,Lateral Flow Assay,Chagas Disease,http://ctkbiotech.com,No,Diagnostic/confirmatory test,united.?states\b(?!.*islands)|\bu\.?s\.?a\.?\b|^\s*u\.?s\.?\b(?!.*islands),United States,North America
a266900000BF4Wz,Certum Diagnostics,Chagas Rapid Test Cassette,Immunoassay,Intended for professional use only,Antibody (serological),Rapid diagnostic test (strip or cassette),Chagas IgG,Serum; Finger prick blood; Venous blood,No instrumentation is required,Manual,True Point of Care,15,No,Mexico COFEPRIS,92.90 %,98.40 %,Regulatory Achieved,Lateral Flow Assay,Chagas Disease,http://certumdiagnostics.com,No,Diagnostic/confirmatory test,\bmexic,Mexico,North America
a266900000BF4X0,"Meridian Bioscience, Inc.",TruQuick™ Chagas 40T,Immunoassay,Intended for professional use only,Antibody (serological),Rapid diagnostic test (strip or cassette),Chagas IgG,Serum; Plasma; Finger prick blood; Venous blood,No instrumentation is required,Manual,True Point of Care,20,No,CE-IVD,92.90 %,98.40 %,Regulatory Achieved,Lateral Flow Assay,Chagas Disease,http://meridianbioscience.com,No,Diagnostic/confirmatory test,united.?states\b(?!.*islands)|\bu\.?s\.?a\.?\b|^\s*u\.?s\.?\b(?!.*islands),United States,North America
a266900000BF4X1,"AccuBioTech Co., ltd.",Accu-Tell Chagas Cassette,Immunoassay,Intended for professional use only,Antibody (serological),Rapid diagnostic test (strip or cassette),Chagas IgG,Serum; Plasma; Finger prick blood; Venous blood,No instrumentation is required,Manual,True Point of Care,15,No,CE-IVD; Bolivia AGEMED,99.90 %,99.50 %,Regulatory Achieved,Lateral Flow Assay,Chagas Disease,http://accubiotech.com,No,Diagnostic/confirmatory test,^(?!.*\bmac)(?!.*\bhong)(?!.*\btai)(?!.*\brep).*china|^(?=.*peo)(?=.*rep).*china,China,Asia
a266900000BF4X2,BTNX Inc.,The Rapid Response Chagas Antibody Test Cassette,Immunoassay,Intended for professional use only,Antibody (serological),Rapid diagnostic test (strip or cassette),Chagas IgG,Serum; Plasma; Finger prick blood; Venous blood,No instrumentation is required,Manual,True Point of Care,10,No,CE-IVD,95.00 %,99.90 %,Regulatory Achieved,Lateral Flow Assay,Chagas Disease,http://btnx.com,No,Diagnostic/confirmatory test,canada,Canada,North America
a266900000BF4X4,Xerion,Chagas AC Cassette,Immunoassay,Intended for professional use only,Antibody (serological),Rapid diagnostic test (strip or cassette),Chagas IgG,Serum; Plasma; Finger prick blood; Venous blood,No instrumentation is required,Manual,True Point of Care,15,No,Colombia INVIMA,100.00 %,98.07 %,Regulatory Achieved,Lateral Flow Assay,Chagas Disease,http://xerion.com.co,No,Diagnostic/confirmatory test,colombia,Colombia,South America
a266900000BF4X5,Amunet,Amunet prueba rapida Chagas,Immunoassay,Intended for professional use only,Antibody (serological),Rapid diagnostic test (strip or cassette),Chagas IgG,Serum; Plasma,No instrumentation is required,Manual,near Point of Care,15,No,Mexico COFEPRIS,92.90 %,99.90 %,Regulatory Achieved,Lateral Flow Assay,Chagas Disease,http://amunet.com.mx,No,Diagnostic/confirmatory test,\bmexic,Mexico,North America
a266900000BF4X7,SPAN BIOTECH LTD.,One-Step Chagas Ab Rapid Test,Immunoassay,Intended for professional use only,Antibody (serological),Rapid diagnostic test (strip or cassette),Chagas IgG,Serum; Plasma; Finger prick blood; Venous blood,No instrumentation is required,Manual,True Point of Care,15,No,China NMPA,92.90 %,100.00 %,Regulatory Achieved,Lateral Flow Assay,Chagas Disease,http://spanbio.com,No,Diagnostic/confirmatory test,^(?!.*\bmac)(?!.*\bhong)(?!.*\btai)(?!.*\brep).*china|^(?=.*peo)(?=.*rep).*china,China,Asia
a266900000BF4X8,Healgen Scientific LLC/Zhejiang Orient Gene Biotech Co,Chagas Antibody Rapid Test,Immunoassay,Intended for professional use only,Antibody (serological),Rapid diagnostic test (strip or cassette),Chagas IgG,Serum; Plasma; Finger prick blood; Venous blood,No instrumentation is required,Manual,True Point of Care,15,No,CE-IVD,94.70 %,NA,Regulatory Achieved,Lateral Flow Assay,Chagas Disease,http://orientgene.com,No,Diagnostic/confirmatory test,^(?!.*\bmac)(?!.*\bhong)(?!.*\btai)(?!.*\brep).*china|^(?=.*peo)(?=.*rep).*china,China,Asia
a266900000BF4XA,"Chembio Diagnostic Systems, Inc.",Chagas Stat-Pak,Immunoassay,Intended for professional use only,Antibody (serological),Rapid diagnostic test (strip or cassette),Unknown,Serum; Plasma; Finger prick blood; Venous blood,No instrumentation is required,Manual,True Point of Care,15,No,CE-IVD; Colombia INVIMA; Bolivia AGEMED,99.80 %,100.00 %,Regulatory Achieved,Lateral Flow Assay,Chagas Disease,http://chembio.com,No,Diagnostic/confirmatory test,united.?states\b(?!.*islands)|\bu\.?s\.?a\.?\b|^\s*u\.?s\.?\b(?!.*islands),United States,North America
a266900000BF4XB,Diagnostic Automation / Cortez Diagnostics (DACD),OneStep Chagas (Trypanosoma cruzi) Serum/WB/ Plasma RapiDip InstaTest,Immunoassay,Intended for professional use only,Antibody (serological),Rapid diagnostic test (strip or cassette),Unknown,Serum; Plasma; Finger prick blood; Venous blood,No instrumentation is required,Manual,True Point of Care,10,No,CE-IVD,NA,NA,Regulatory Achieved,Lateral Flow Assay,Chagas Disease,http://rapidtest.com,NA,Diagnostic/confirmatory test,united.?states\b(?!.*islands)|\bu\.?s\.?a\.?\b|^\s*u\.?s\.?\b(?!.*islands),United States,North America
a266900000BF4XC,Abbott Rapid Diagnostics,SD Bioline Chagas AB rapid test,Immunoassay,Intended for professional use only,Antibody (serological),Rapid diagnostic test (strip or cassette),Unknown,Serum; Plasma; Whole Blood,No instrumentation is required,Manual,True Point of Care,15,No,Brazil ANVISA; CE-IVD; Colombia INVIMA; Bolivia AGEMED; Paraguay DINAVISA; Peru DIGEMID; Ecuador ARCSA; Guatemala DGVRCS; Honduras DGVMN; Argentina ANMAT; Other,99.20 %,100.00 %,Regulatory Achieved,Lateral Flow Assay,Chagas Disease,http://globalpointofcare.abbott,No,Diagnostic/confirmatory test,^(?!.*east).*germany|^(?=.*\bfed.*\brep).*german,Germany,Europe
a266900000BF4XD,OPERON,Simple Chagas_Stick Chagas,Immunoassay,Intended for professional use only,Antibody (serological),Rapid diagnostic test (strip or cassette),Unknown,Serum,No instrumentation is required,Manual,near Point of Care,10,No,CE-IVD,98.80 %,96.20 %,Regulatory Achieved,Lateral Flow Assay,Chagas Disease,http://operon.es,No,Diagnostic/confirmatory test,spain,Spain,Europe
a266900000BF4XE,Wiener Lab,WL Check Chagas test,Immunoassay,Intended for professional use only,Antibody (serological),Rapid diagnostic test (strip or cassette),Unknown,Serum; Plasma; Finger prick blood; Venous blood,No instrumentation is required,Manual,True Point of Care,25,No,Brazil ANVISA; CE-IVD; Colombia INVIMA; Bolivia AGEMED; Argentina ANMAT,93.87 %,97.89 %,Regulatory Achieved,Lateral Flow Assay,Chagas Disease,http://wiener-lab.com,No,Diagnostic/confirmatory test,argentin,Argentina,South America
a266900000BF4Wn,Abbott,PRISM Chagas,Immunoassay,Intended for professional use only,Antibody (serological),Chemiluminescent Immunoassay (CLIA),Unknown,Serum; Plasma,A proprietary/new instrument is required,Automated (excluding sample preparation),Lab-based,NA,Unknown,FDA 510k,98.47 %,98.72 %,Regulatory Achieved,ELISA/EIA,Chagas Disease,https://www.corelaboratory.abbott/us/en/home,No,Triage/Screening,united.?states\b(?!.*islands)|\bu\.?s\.?a\.?\b|^\s*u\.?s\.?\b(?!.*islands),United States,North America
a266900000BF4Wo,Ortho Diagnostics & Johson and Jhonson,VITROS Immunodiagnostic Anti‐T.cruzi (Chagas) Controls,Immunoassay,Intended for professional use only,Antibody (serological),Chemiluminescent Immunoassay (CLIA),Unknown,Unknown,A proprietary/new instrument is required,Automated (excluding sample preparation),Lab-based,NA,Unknown,Brazil ANVISA; CE-IVD; Colombia INVIMA,NA,NA,Regulatory Achieved,ELISA/EIA,Chagas Disease,https://pdf.medicalexpo.com/pdf/ortho-clinical-diagnostics/ortho-t-cruzi-elisa-test-system/71130-133019.html,NA,Diagnostic/confirmatory test,united.?states\b(?!.*islands)|\bu\.?s\.?a\.?\b|^\s*u\.?s\.?\b(?!.*islands),United States,North America
