"Submission ID","Performance Detail Submission ID","Created Date","Country of Manufacturer","Region","Website","Organisation Name","Submission Title","Disease Target","Serovar subtype","Stage of Development","Regulatory Approval","Type of Technology","Assay Target","Target Analyte(s)","Technology principle","Test Format","Instrument requirement","Level of automation","Lab vs. POC","Self-testing/Self-Collection","Validated Sample Types","Time to results excl sample prep (mins)","Time to results incl sample prep (mins)","Connectivity Solution","FIND Evaluation","Test to be listed on FIND's web page?","Data to be published on FIND's web page","Revoked/Not Approved By","Study Type","Sensitivity (%)","Specificity (%)","Number of positive samples","Number of negative samples","Total number of samples","Reference","Date of study","Type of data source"
"a0B6900001Ll52E","a266900000AkfxS","29/10/2021","India","South-East Asia","3bblackbio.com","3B Blackbio Biotech India Ltd.","TRUPCR ebolavirus Detection Kit","Ebola virus","Bundibugyo ebolavirus; Reston ebolavirus; Sudan ebolavirus; Tai Forest ebolavirus; Zaire ebolavirus","Regulatory Status Unknown","","Molecular","RNA","Unknown","qRT-PCR","NAT reagent kit – open source","Standard lab instrumentation is required","Manual","Lab-based","Intended for professional use only","Serum; Plasma","","","No","No","Yes, I would like the test to be made public on FIND’s test directory","Yes","","Company-Sponsored","","","","","","","",""
"a0B6900001Ll580","a266900000AvieC","29/10/2021","Switzerland","Europe","abionic.com","Abionic","Emerging virus panel","Ebola virus","DENV not specified; Ebola spp.","Development","None","Molecular","RNA","Unknown","Lateral Flow Assay","Cartridge-based processing","Unknown","Manual","near Point of Care","Intended for professional use only","Unknown","30.00","","Unknown","No","Yes, I would like the test to be made public on FIND’s test directory","Yes","None","Company-Sponsored","0.00","0.00","0","0","0","","","No available data"
"a0B6900001Ll52F","a266900000Akg6O","29/10/2021","United States","Americas","4adi.com","Alpha Diagnostic International","Human Anti-Reston ebolavirus glycoprotein (REBOV GP) IgG ELISA Kit, 96 tests, Qu","Ebola virus","Reston ebolavirus","Regulatory Status Unknown","","Immunoassay","Antibody (serological)","Anti-EBOV IgG","ELISA/EIA","IA Reagent Kit","Standard lab instrumentation is required","Manual","Lab-based","Intended for professional use only","Serum; Plasma","","","No","No","Yes, I would like the test to be made public on FIND’s test directory","Yes","","Company-Sponsored","","","","","","","",""
"a0B6900001Ll52G","a266900000Akg6P","29/10/2021","United States","Americas","4adi.com","Alpha Diagnostic International","Human Anti-Sudan ebolavirus glycoprotein (GP) IgG ELISA Kit, 96 tests, Quantitat","Ebola virus","Sudan ebolavirus","Regulatory Status Unknown","","Immunoassay","Antibody (serological)","Anti-EBOV IgG","ELISA/EIA","IA Reagent Kit","Standard lab instrumentation is required","Manual","Lab-based","Intended for professional use only","Serum; Plasma","","","No","No","Yes, I would like the test to be made public on FIND’s test directory","Yes","","Company-Sponsored","","","","","","","",""
"a0B6900001Ll52H","a266900000Akg6Q","29/10/2021","United States","Americas","4adi.com","Alpha Diagnostic International","Human Anti-Sudan ebolavirus glycoprotein (GP) IgM ELISA Kit, 96 tests, Quantitat","Ebola virus","Sudan ebolavirus","Regulatory Status Unknown","","Immunoassay","Antibody (serological)","Anti-EBOV IgG","ELISA/EIA","IA Reagent Kit","Standard lab instrumentation is required","Manual","Lab-based","Intended for professional use only","Serum; Plasma","","","No","No","Yes, I would like the test to be made public on FIND’s test directory","Yes","","Company-Sponsored","","","","","","","",""
"a0B6900001Ll52I","a266900000Akg6R","29/10/2021","United States","Americas","4adi.com","Alpha Diagnostic International","Human Anti-Zaire ebolavirus glycoprotein (GP) IgG ELISA Kit, 5x96 tests, Quantit","Ebola virus","Zaire ebolavirus","Regulatory Status Unknown","","Immunoassay","Antibody (serological)","Anti-EBOV IgG","ELISA/EIA","IA Reagent Kit","Standard lab instrumentation is required","Manual","Lab-based","Intended for professional use only","Serum; Plasma","","","No","No","Yes, I would like the test to be made public on FIND’s test directory","Yes","","Company-Sponsored","","","","","","","",""
"a0B6900001Ll52J","a266900000Akg6S","29/10/2021","United States","Americas","4adi.com","Alpha Diagnostic International","Human Anti-Zaire ebolavirus glycoprotein (GP) IgG ELISA Kit, 96 tests, Quantitat","Ebola virus","Zaire ebolavirus","Regulatory Status Unknown","","Immunoassay","Antibody (serological)","Anti-EBOV IgG","ELISA/EIA","IA Reagent Kit","Standard lab instrumentation is required","Manual","Lab-based","Intended for professional use only","Serum; Plasma","","","No","No","Yes, I would like the test to be made public on FIND’s test directory","Yes","","Company-Sponsored","","","","","","","",""
"a0B6900001Ll52K","a266900000Akg6T","29/10/2021","United States","Americas","4adi.com","Alpha Diagnostic International","Human Anti-Zaire ebolavirus glycoprotein (GP) IgM ELISA Kit, 5x96 tests, Quantit","Ebola virus","Zaire ebolavirus","Regulatory Status Unknown","","Immunoassay","Antibody (serological)","Anti-EBOV IgG","ELISA/EIA","IA Reagent Kit","Standard lab instrumentation is required","Manual","Lab-based","Intended for professional use only","Serum; Plasma","","","No","No","Yes, I would like the test to be made public on FIND’s test directory","Yes","","Company-Sponsored","","","","","","","",""
"a0B6900001Ll52L","a266900000Akg6U","29/10/2021","United States","Americas","4adi.com","Alpha Diagnostic International","Human Anti-Zaire ebolavirus glycoprotein (GP) IgM ELISA Kit, 96 tests, Quantitat","Ebola virus","Zaire ebolavirus","Regulatory Status Unknown","","Immunoassay","Antibody (serological)","Anti-EBOV IgG","ELISA/EIA","IA Reagent Kit","Standard lab instrumentation is required","Manual","Lab-based","Intended for professional use only","Serum; Plasma","","","No","No","Yes, I would like the test to be made public on FIND’s test directory","Yes","","Company-Sponsored","","","","","","","",""
"a0B6900001Ll52M","a266900000Akg6V","29/10/2021","United States","Americas","4adi.com","Alpha Diagnostic International","Human Anti-Zaire ebolavirus Nucleoprotein (NP) IgG ELISA Kit, 96 tests, Quantita","Ebola virus","Zaire ebolavirus","Regulatory Status Unknown","","Immunoassay","Antibody (serological)","Anti-EBOV IgG","ELISA/EIA","IA Reagent Kit","Standard lab instrumentation is required","Manual","Lab-based","Intended for professional use only","Serum; Plasma","","","No","No","Yes, I would like the test to be made public on FIND’s test directory","Yes","","Company-Sponsored","","","","","","","",""
"a0B6900001Ll52N","a266900000Akg6W","29/10/2021","United States","Americas","4adi.com","Alpha Diagnostic International","Human Anti-Zaire ebolavirus Nucleoprotein (NP) IgM ELISA Kit, 96 tests, Quantita","Ebola virus","Zaire ebolavirus","Regulatory Status Unknown","","Immunoassay","Antibody (serological)","Anti-EBOV IgG","ELISA/EIA","IA Reagent Kit","Standard lab instrumentation is required","Manual","Lab-based","Intended for professional use only","Serum; Plasma","","","No","No","Yes, I would like the test to be made public on FIND’s test directory","Yes","","Company-Sponsored","","","","","","","",""
"a0B6900001Ll52O","a266900000Akg6X","29/10/2021","United States","Americas","4adi.com","Alpha Diagnostic International","Human Anti-Zaire ebolavirus VP40 IgG ELISA Kit, 96 tests, Quantitative","Ebola virus","Zaire ebolavirus","Regulatory Status Unknown","","Immunoassay","Antibody (serological)","Anti-EBOV IgG","ELISA/EIA","IA Reagent Kit","Standard lab instrumentation is required","Manual","Lab-based","Intended for professional use only","Serum; Plasma","","","No","No","Yes, I would like the test to be made public on FIND’s test directory","Yes","","Company-Sponsored","","","","","","","",""
"a0B6900001Ll52P","a266900000Akg6Y","29/10/2021","United States","Americas","4adi.com","Alpha Diagnostic International","Human Anti-Zaire ebolavirus VP40 IgM ELISA Kit, 96 tests, Quantitative","Ebola virus","Zaire ebolavirus","Regulatory Status Unknown","","Immunoassay","Antibody (serological)","Anti-EBOV IgG","ELISA/EIA","IA Reagent Kit","Standard lab instrumentation is required","Manual","Lab-based","Intended for professional use only","Serum; Plasma","","","No","No","Yes, I would like the test to be made public on FIND’s test directory","Yes","","Company-Sponsored","","","","","","","",""
"a0B6900001Ll52Q","a266900000Akg6Z","29/10/2021","United States","Americas","4adi.com","Alpha Diagnostic International","TruStrip RDT Humanized Ebola IgG (humanized IgGs expressed in tobacco or Other p","Ebola virus","Zaire ebolavirus","Regulatory Status Unknown","","Immunoassay","Antibody (serological)","Anti-EBOV IgG","Lateral Flow Assay","Rapid diagnostic test (strip or cassette)","No instrumentation is required","Manual","True Point of Care","Intended for professional use only","Serum; Plasma","2.00","","No","No","Yes, I would like the test to be made public on FIND’s test directory","Yes","","Company-Sponsored","","","","","","","",""
"a0B6900001Ll52R","a266900000Akg6a","29/10/2021","United States","Americas","4adi.com","Alpha Diagnostic International","TruStrip RDT Zaire ebolavirus antigen (GP) rapid test (visual results in 2-10 mi","Ebola virus","Zaire ebolavirus","Regulatory Status Unknown","","Immunoassay","Antigen","EBOV Nucleotide protein","Lateral Flow Assay","Rapid diagnostic test (strip or cassette)","No instrumentation is required","Manual","True Point of Care","Intended for professional use only","Serum; Plasma","2.00","","No","No","Yes, I would like the test to be made public on FIND’s test directory","Yes","","Company-Sponsored","","","","","","","",""
"a0B6900001Ll52U","a266900000Akg6g","29/10/2021","Germany","Europe","altona-diagnostics.com","altona Diagnostics GmbH","RealStar Filovirus Type RT-PCR Kit 1.0  RUO","Ebola virus","Ebola spp.","Regulatory Status Unknown","","Molecular","RNA","EBOV L gene; MARV L gene","qRT-PCR","NAT reagent kit – open source","Standard lab instrumentation is required","Manual","Lab-based","Intended for professional use only","Purified RNA","","","No","No","Yes, I would like the test to be made public on FIND’s test directory","Yes","","Company-Sponsored","","","","","","","",""
"a0B6900001Ll52V","a266900000Akg6h","29/10/2021","Germany","Europe","altona-diagnostics.com","altona Diagnostics GmbH","RealStar Filovirus Type RT-PCR Kit 2.0  RUO","Ebola virus","Bundibugyo ebolavirus; Reston ebolavirus; Sudan ebolavirus; Tai Forest ebolavirus; Zaire ebolavirus","Regulatory Status Unknown","","Molecular","RNA","Unknown","qRT-PCR","NAT reagent kit – open source","Standard lab instrumentation is required","Manual","Lab-based","Intended for professional use only","Purified RNA","","","No","No","Yes, I would like the test to be made public on FIND’s test directory","Yes","","Company-Sponsored","","","","","","","",""
"a0B6900001Ll52S","a266900000Akg6d","29/10/2021","Germany","Europe","altona-diagnostics.com","altona Diagnostics GmbH","RealStar Ebolavirus RT-PCR Kit 1.0*","Ebola virus","Bundibugyo ebolavirus; Reston ebolavirus; Sudan ebolavirus; Tai Forest ebolavirus; Zaire ebolavirus","Regulatory Achieved","US FDA EUA","Molecular","RNA","EBOV L gene","qRT-PCR","NAT reagent kit – open source","Standard lab instrumentation is required","Manual","Lab-based","Intended for professional use only","Serum; Plasma; Urine; Whole Blood; Other","","","No","No","Yes, I would like the test to be made public on FIND’s test directory","Yes","","Company-Sponsored","100.00","100.00","45","100","145","","",""
"a0B6900001Ll52T","a266900000Akg6e","29/10/2021","Germany","Europe","altona-diagnostics.com","altona Diagnostics GmbH","RealStar Filovirus Screen RT-PCR Kit 1.0  CE","Ebola virus","Bundibugyo ebolavirus; Reston ebolavirus; Sudan ebolavirus; Tai Forest ebolavirus; Zaire ebolavirus","Regulatory Achieved","CE-IVD","Molecular","RNA","EBOV L gene; MARV L gene","qRT-PCR","NAT reagent kit – open source","Standard lab instrumentation is required","Manual","Lab-based","Intended for professional use only","Serum; Plasma; Whole Blood","","","No","No","Yes, I would like the test to be made public on FIND’s test directory","Yes","","Company-Sponsored","97.80","100.00","","","","","",""
"a0B6900001Ll52T","a266900000Akg6f","29/10/2021","Germany","Europe","altona-diagnostics.com","altona Diagnostics GmbH","RealStar Filovirus Screen RT-PCR Kit 1.0  CE","Ebola virus","Bundibugyo ebolavirus; Reston ebolavirus; Sudan ebolavirus; Tai Forest ebolavirus; Zaire ebolavirus","Regulatory Achieved","CE-IVD","Molecular","RNA","EBOV L gene; MARV L gene","qRT-PCR","NAT reagent kit – open source","Standard lab instrumentation is required","Manual","Lab-based","Intended for professional use only","Serum; Plasma; Whole Blood","","","No","No","Yes, I would like the test to be made public on FIND’s test directory","Yes","","Company-Sponsored","","","","","","","",""
"a0B6900001Ll52W","a266900000Akg6m","29/10/2021","United States","Americas","amerigoscientific.com/","Amerigo Scientific","Ebola Zaire Real-TM","Ebola virus","Zaire ebolavirus","Regulatory Status Unknown","","Molecular","RNA","Unknown","qRT-PCR","NAT reagent kit – open source","Standard lab instrumentation is required","Manual","Lab-based","Intended for professional use only","Purified RNA","","","No","No","Yes, I would like the test to be made public on FIND’s test directory","Yes","","Company-Sponsored","","","","","","","",""
"a0B6900001PDky9","a266900000BBSDr","18/05/2022","Germany","Europe","bioactiva.com","Bioactiva diagnostica GmbH ","Ebola hemorragic fever virus Sudan (SEBOV) RT PCR Kit","Ebola virus","Sudan ebolavirus","Research Use Only (RUO)","None","Molecular","RNA","Unknown","qRT-PCR","NAT reagent kit – open source","Standard lab instrumentation is required","Manual","Lab-based","Intended for professional use only","Purified RNA","","","No","No","Yes, I would like the test to be made public on FIND’s test directory","Yes","None","Company-Sponsored","","","","","","","",""
"a0B6900001PDkyA","a266900000BBSDs","18/05/2022","Germany","Europe","bioactiva.com","Bioactiva diagnostica GmbH ","Ebola hemorragic fever virus Zaire (ZEBOV) RT PCR Kit","Ebola virus","Zaire ebolavirus","Research Use Only (RUO)","None","Molecular","RNA","Unknown","qRT-PCR","NAT reagent kit – open source","Standard lab instrumentation is required","Manual","Lab-based","Intended for professional use only","Purified RNA","","","No","No","Yes, I would like the test to be made public on FIND’s test directory","Yes","None","Company-Sponsored","","","","","","","",""
"a0B6900001PDkzM","a266900000BBSDt","18/05/2022","Germany","Europe","bioactiva.com","Bioactiva diagnostica GmbH ","Ebola Zaire/Ebola Sudan, Marburg virus RTPCR Kit","Ebola virus","Sudan ebolavirus; Zaire ebolavirus","Regulatory Achieved","CE-IVD","Molecular","RNA","Unknown","qRT-PCR","NAT reagent kit – open source","Standard lab instrumentation is required","Manual","Lab-based","Intended for professional use only","Purified RNA","","","No","No","Yes, I would like the test to be made public on FIND’s test directory","Yes","None","Company-Sponsored","","","","","","","",""
"a0B6900001Ll52X","a266900000Akg8B","29/10/2021","Canada","Americas","rapidtest.ca","Biocan Diagnostics Inc","ebolavirus IgG/IgM Ab Rapid Test","Ebola virus","Bundibugyo ebolavirus; Sudan ebolavirus; Zaire ebolavirus","Regulatory Achieved","CE-IVD","Immunoassay","Antibody (serological)","Anti-EBOV IgG; Anti-EBOV IgM","Lateral Flow Assay","Rapid diagnostic test (strip or cassette)","No instrumentation is required","Manual","True Point of Care","Intended for professional use only","Serum; Plasma; Whole Blood","","","No","No","Yes, I would like the test to be made public on FIND’s test directory","Yes","","Company-Sponsored","90.00","95.00","","","","","",""
"a0B6900001Ll52a","a266900000Akg8K","29/10/2021","United States","Americas","biofiredefense.com","BioFire Defense, llc","FilmArray BioThreat-E Test","Ebola virus","Zaire ebolavirus","Regulatory Achieved","US FDA EUA","Molecular","RNA","EBOV L gene","qRT-PCR","Cartridge-based processing","A proprietary/new instrument is required","Automated (excluding sample preparation)","near Point of Care","Intended for professional use only","Urine; Whole Blood","60.00","","Yes - Connectable","No","Yes, I would like the test to be made public on FIND’s test directory","Yes","","Company-Sponsored","96.00","100.00","","","","","",""
"a0B6900001Ll52a","a266900000Akg8L","29/10/2021","United States","Americas","biofiredefense.com","BioFire Defense, llc","FilmArray BioThreat-E Test","Ebola virus","Zaire ebolavirus","Regulatory Achieved","US FDA EUA","Molecular","RNA","EBOV L gene","qRT-PCR","Cartridge-based processing","A proprietary/new instrument is required","Automated (excluding sample preparation)","near Point of Care","Intended for professional use only","Urine; Whole Blood","60.00","","Yes - Connectable","No","Yes, I would like the test to be made public on FIND’s test directory","Yes","","Company-Sponsored","96.00","100.00","","","","","",""
"a0B6900001Ll5AF","a266900000Akg8M","29/10/2021","United States","Americas","biofiredefense.com","BioFire Defense, llc","FilmArray Global Fever Panel RUO","Ebola virus","DENV-1; DENV-2; DENV-3; DENV-4; Para-Typhoid; Salmonella Typhi; Bundibugyo ebolavirus; Reston ebolavirus; Sudan ebolavirus; Tai Forest ebolavirus; Zaire ebolavirus","Regulatory Status Unknown","None","Molecular","RNA","Unknown","qRT-PCR","Cartridge-based processing","A proprietary/new instrument is required","Fully automated (including sample preparation)","near Point of Care","Intended for professional use only","Whole Blood","60.00","","Yes - Connectable","No","Yes, I would like the test to be made public on FIND’s test directory","Yes","None","Company-Sponsored","0.00","0.00","0","0","0","","","No available data"
"a0B6900001PDnuo","a266900000BBnce","25/05/2022","United States","Americas","biofiredefense.com","BioFire Defense, llc","FilmArray Sentinel Panel","Ebola virus","","Research Use Only (RUO)","None","Molecular","RNA + DNA","Unknown","qPCR","Cartridge-based processing","A proprietary/new instrument is required","Automated (excluding sample preparation)","near Point of Care","Intended for professional use only","Other","60.00","65.00","Yes","No","Yes, I would like the test to be made public on FIND’s test directory","Yes","None","","","","","","","","",""
"a0B6900001Ll52b","a266900000Akg8R","29/10/2021","United Kingdom","Europe","biofortuna.com/","Biofortuna ltd.","Real-time PCR detection kit for EBOV_201","Ebola virus","Ebola spp.","Regulatory Status Unknown","","Molecular","RNA","Unknown","qRT-PCR","NAT reagent kit – open source","Standard lab instrumentation is required","Manual","Lab-based","Intended for professional use only","","","","No","No","Yes, I would like the test to be made public on FIND’s test directory","Yes","","Company-Sponsored","","","","","","","",""
"a0B6900001Ll52c","a266900000Akg8S","29/10/2021","United Kingdom","Europe","biofortuna.com/","Biofortuna ltd.","Real-time PCR detection kit for Zaire eb ola virus","Ebola virus","Zaire ebolavirus","Regulatory Status Unknown","","Molecular","RNA","Unknown","qRT-PCR","NAT reagent kit – open source","Standard lab instrumentation is required","Manual","Lab-based","Intended for professional use only","","","","No","No","Yes, I would like the test to be made public on FIND’s test directory","Yes","","Company-Sponsored","","","","","","","",""
"a0B6900001Ll52d","a266900000Akg9G","29/10/2021","United States","Americas","www.cepheid.com","Cepheid","Xpert Ebola","Ebola virus","Makona-Gueckedou ebolavirus; Zaire ebolavirus","Regulatory Achieved","CE-IVD","Molecular","RNA","EBOV Glycoprotein; EBOV Nucleotide protein","qRT-PCR","Cartridge-based processing","A proprietary/new instrument is required","Automated (excluding sample preparation)","near Point of Care","Intended for professional use only","Buccal swab; Whole Blood","96.00","","Yes - connected","No","Yes, I would like the test to be made public on FIND’s test directory","Yes","","Company-Sponsored","100.00","100.00","","","","","",""
"a0B6900001Ll52d","a266900000Akg9H","29/10/2021","United States","Americas","www.cepheid.com","Cepheid","Xpert Ebola","Ebola virus","Makona-Gueckedou ebolavirus; Zaire ebolavirus","Regulatory Achieved","CE-IVD","Molecular","RNA","EBOV Glycoprotein; EBOV Nucleotide protein","qRT-PCR","Cartridge-based processing","A proprietary/new instrument is required","Automated (excluding sample preparation)","near Point of Care","Intended for professional use only","Buccal swab; Whole Blood","96.00","","Yes - connected","No","Yes, I would like the test to be made public on FIND’s test directory","Yes","","Company-Sponsored","100.00","100.00","","","","","",""
"a0B6900001Ll52e","a266900000Akg9R","29/10/2021","United States","Americas","chembio.com","Chembio Diagnostic Systems, Inc.","PP Ebola Antigen System","Ebola virus","Ebola spp.","Regulatory Achieved","US FDA EUA","Immunoassay","Antigen","Unknown","Lateral Flow Assay","Rapid diagnostic test (strip or cassette)","A proprietary/new instrument is required","Manual","near Point of Care","Intended for professional use only","Plasma; Whole Blood","15.00","","Unknown","No","Yes, I would like the test to be made public on FIND’s test directory","Yes","","Company-Sponsored","","","","","","","",""
"a0B6900001Ll52f","a266900000Akg9g","29/10/2021","Italy","Europe","clonit.it/en/","Clonit","ZEBOV - Ebolavirus Zaire Strain","Ebola virus","Zaire ebolavirus","Regulatory Status Unknown","","Molecular","RNA","Unknown","qRT-PCR","NAT reagent kit – open source","Standard lab instrumentation is required","Manual","Lab-based","Intended for professional use only","","","","No","No","Yes, I would like the test to be made public on FIND’s test directory","Yes","","Company-Sponsored","","","","","","","",""
"a0B6900001Ll52g","a266900000Akg9j","29/10/2021","United Kingdom","Europe","techne.com/index.asp","Cole-Parmer","QPCR Kit, RNA, Reston ebolavirus","Ebola virus","Reston ebolavirus","Regulatory Status Unknown","","Molecular","RNA","Unknown","qRT-PCR","NAT reagent kit – open source","Standard lab instrumentation is required","Manual","Lab-based","Intended for professional use only","Purified RNA","","","No","No","Yes, I would like the test to be made public on FIND’s test directory","Yes","","Company-Sponsored","","","","","","","",""
"a0B6900001Ll52h","a266900000Akg9k","29/10/2021","United Kingdom","Europe","techne.com/index.asp","Cole-Parmer","QPCR Kit, RNA, Sudan ebolavirus","Ebola virus","Sudan ebolavirus","Regulatory Status Unknown","","Molecular","RNA","Unknown","qRT-PCR","NAT reagent kit – open source","Standard lab instrumentation is required","Manual","Lab-based","Intended for professional use only","Purified RNA","","","No","No","Yes, I would like the test to be made public on FIND’s test directory","Yes","","Company-Sponsored","","","","","","","",""
"a0B6900001Ll52i","a266900000Akg9l","29/10/2021","United Kingdom","Europe","techne.com/index.asp","Cole-Parmer","QPCR Kit, RNA, Tai Forest ebolavirus","Ebola virus","Tai Forest ebolavirus","Regulatory Status Unknown","","Molecular","RNA","Unknown","qRT-PCR","NAT reagent kit – open source","Standard lab instrumentation is required","Manual","Lab-based","Intended for professional use only","Purified RNA","","","No","No","Yes, I would like the test to be made public on FIND’s test directory","Yes","","Company-Sponsored","","","","","","","",""
"a0B6900001Ll52j","a266900000Akg9m","29/10/2021","United Kingdom","Europe","techne.com/index.asp","Cole-Parmer","QPCR Kit, RNA, Zaire ebolavirus ","Ebola virus","Zaire ebolavirus","Regulatory Status Unknown","","Molecular","RNA","Unknown","qRT-PCR","NAT reagent kit – open source","Standard lab instrumentation is required","Manual","Lab-based","Intended for professional use only","Purified RNA","","","No","No","Yes, I would like the test to be made public on FIND’s test directory","Yes","","Company-Sponsored","","","","","","","",""
"a0B6900001Ll52k","a266900000Akg9n","29/10/2021","United Kingdom","Europe","techne.com/index.asp","Cole-Parmer","Techne PrimePRO QPCR RNA detection Kit, Reston ebolavirus","Ebola virus","Reston ebolavirus","Regulatory Status Unknown","","Molecular","RNA","Unknown","qRT-PCR","NAT reagent kit – open source","Standard lab instrumentation is required","Manual","Lab-based","Intended for professional use only","Purified RNA","","","No","No","Yes, I would like the test to be made public on FIND’s test directory","Yes","","Company-Sponsored","","","","","","","",""
"a0B6900001Ll52l","a266900000Akg9o","29/10/2021","United Kingdom","Europe","techne.com/index.asp","Cole-Parmer","Techne PrimePRO QPCR RNA detection Kit, Reston ebolavirus (without Mastermix)","Ebola virus","Reston ebolavirus","Regulatory Status Unknown","","Molecular","RNA","Unknown","qRT-PCR","NAT reagent kit – open source","Standard lab instrumentation is required","Manual","Lab-based","Intended for professional use only","Purified RNA","","","No","No","Yes, I would like the test to be made public on FIND’s test directory","Yes","","Company-Sponsored","","","","","","","",""
"a0B6900001Ll52m","a266900000Akg9p","29/10/2021","United Kingdom","Europe","techne.com/index.asp","Cole-Parmer","Techne PrimePRO QPCR RNA detection Kit, Sudan ebolavirus (with Mastermix)","Ebola virus","Sudan ebolavirus","Regulatory Status Unknown","","Molecular","RNA","Unknown","qRT-PCR","NAT reagent kit – open source","Standard lab instrumentation is required","Manual","Lab-based","Intended for professional use only","Purified RNA","","","No","No","Yes, I would like the test to be made public on FIND’s test directory","Yes","","Company-Sponsored","","","","","","","",""
"a0B6900001Ll52n","a266900000Akg9q","29/10/2021","United Kingdom","Europe","techne.com/index.asp","Cole-Parmer","Techne PrimePRO QPCR RNA detection Kit, Zaire ebolavirus (with Mastermix)","Ebola virus","Zaire ebolavirus","Regulatory Status Unknown","","Molecular","RNA","Unknown","qRT-PCR","NAT reagent kit – open source","Standard lab instrumentation is required","Manual","Lab-based","Intended for professional use only","Purified RNA","","","No","No","Yes, I would like the test to be made public on FIND’s test directory","Yes","","Company-Sponsored","","","","","","","",""
"a0B6900001Ll52o","a266900000AkgAr","29/10/2021","Czech Republic","Europe","pcrdiagnostics.eu/","Ecoli Dx, s.r.o.","AmpliSens FiloA-screen-FRT PCR kit variant FRT-L","Ebola virus","Sudan ebolavirus; Zaire ebolavirus","Regulatory Achieved","CE-IVD","Molecular","RNA","Other","qRT-PCR","NAT reagent kit – open source","Standard lab instrumentation is required","Manual","Lab-based","Intended for professional use only","Plasma; Whole Blood","","","No","No","Yes, I would like the test to be made public on FIND’s test directory","Yes","","Company-Sponsored","100.00","100.00","72","","72","","",""
"a0B6900001Ll52o","a266900000AkgAt","29/10/2021","Czech Republic","Europe","pcrdiagnostics.eu/","Ecoli Dx, s.r.o.","AmpliSens FiloA-screen-FRT PCR kit variant FRT-L","Ebola virus","Sudan ebolavirus; Zaire ebolavirus","Regulatory Achieved","CE-IVD","Molecular","RNA","Other","qRT-PCR","NAT reagent kit – open source","Standard lab instrumentation is required","Manual","Lab-based","Intended for professional use only","Plasma; Whole Blood","","","No","No","Yes, I would like the test to be made public on FIND’s test directory","Yes","","Company-Sponsored","100.00","100.00","30","0","30","","",""
"a0B6900001Ll52p","a266900000AkgAu","29/10/2021","Czech Republic","Europe","pcrdiagnostics.eu/","Ecoli Dx, s.r.o.","AmpliSens EBOV Zaire 1-FRT PCR kit","Ebola virus","Zaire ebolavirus","Regulatory Achieved","CE-IVD","Molecular","RNA","EBOV L gene","qRT-PCR","NAT reagent kit – open source","Standard lab instrumentation is required","Manual","Lab-based","Intended for professional use only","Saliva; Urine; Whole Blood","","","No","No","Yes, I would like the test to be made public on FIND’s test directory","Yes","","Company-Sponsored","95.00","95.00","48","52","100","","",""
"a0B6900001Ll52p","a266900000AkgAv","29/10/2021","Czech Republic","Europe","pcrdiagnostics.eu/","Ecoli Dx, s.r.o.","AmpliSens EBOV Zaire 1-FRT PCR kit","Ebola virus","Zaire ebolavirus","Regulatory Achieved","CE-IVD","Molecular","RNA","EBOV L gene","qRT-PCR","NAT reagent kit – open source","Standard lab instrumentation is required","Manual","Lab-based","Intended for professional use only","Saliva; Urine; Whole Blood","","","No","No","Yes, I would like the test to be made public on FIND’s test directory","Yes","","Company-Sponsored","93.00","97.00","29","71","100","","",""
"a0B6900001Ll52p","a266900000AkgAw","29/10/2021","Czech Republic","Europe","pcrdiagnostics.eu/","Ecoli Dx, s.r.o.","AmpliSens EBOV Zaire 1-FRT PCR kit","Ebola virus","Zaire ebolavirus","Regulatory Achieved","CE-IVD","Molecular","RNA","EBOV L gene","qRT-PCR","NAT reagent kit – open source","Standard lab instrumentation is required","Manual","Lab-based","Intended for professional use only","Saliva; Urine; Whole Blood","","","No","No","Yes, I would like the test to be made public on FIND’s test directory","Yes","","Company-Sponsored","93.00","96.00","34","66","100","","",""
"a0B6900001Ll52p","a266900000AkgAx","29/10/2021","Czech Republic","Europe","pcrdiagnostics.eu/","Ecoli Dx, s.r.o.","AmpliSens EBOV Zaire 1-FRT PCR kit","Ebola virus","Zaire ebolavirus","Regulatory Achieved","CE-IVD","Molecular","RNA","EBOV L gene","qRT-PCR","NAT reagent kit – open source","Standard lab instrumentation is required","Manual","Lab-based","Intended for professional use only","Saliva; Urine; Whole Blood","","","No","No","Yes, I would like the test to be made public on FIND’s test directory","Yes","","Company-Sponsored","94.00","95.00","43","57","100","","",""
"a0B6900001Ll52p","a266900000AkgAy","29/10/2021","Czech Republic","Europe","pcrdiagnostics.eu/","Ecoli Dx, s.r.o.","AmpliSens EBOV Zaire 1-FRT PCR kit","Ebola virus","Zaire ebolavirus","Regulatory Achieved","CE-IVD","Molecular","RNA","EBOV L gene","qRT-PCR","NAT reagent kit – open source","Standard lab instrumentation is required","Manual","Lab-based","Intended for professional use only","Saliva; Urine; Whole Blood","","","No","No","Yes, I would like the test to be made public on FIND’s test directory","Yes","","Company-Sponsored","","","","","","","",""
"a0B6900001Ll52u","a266900000AkgBO","29/10/2021","Germany","Europe","genekam.de","Genekam","ebolavirus (Zaire strain) Double Check","Ebola virus","Zaire ebolavirus","Regulatory Status Unknown","","Molecular","RNA","Unknown","qRT-PCR","NAT reagent kit – open source","Standard lab instrumentation is required","Manual","Lab-based","Intended for professional use only","","","","No","No","Yes, I would like the test to be made public on FIND’s test directory","Yes","","Company-Sponsored","","","","","","","",""
"a0B6900001Ll52w","a266900000AkgBQ","29/10/2021","Germany","Europe","genekam.de","Genekam","ebolavirus Reston Strain","Ebola virus","Reston ebolavirus","Regulatory Status Unknown","","Molecular","RNA","Unknown","RT-PCR (conventional)","NAT reagent kit – open source","Standard lab instrumentation is required","Manual","Lab-based","Intended for professional use only","Whole Blood","","","No","No","Yes, I would like the test to be made public on FIND’s test directory","Yes","","Company-Sponsored","","","","","","","",""
"a0B6900001Ll52x","a266900000AkgBR","29/10/2021","Germany","Europe","genekam.de","Genekam","ebolavirus Sudan strain","Ebola virus","Sudan ebolavirus","Regulatory Status Unknown","","Molecular","RNA","Unknown","RT-PCR (conventional)","NAT reagent kit – open source","Standard lab instrumentation is required","Manual","Lab-based","Intended for professional use only","Whole Blood","","","No","No","Yes, I would like the test to be made public on FIND’s test directory","Yes","","Company-Sponsored","","","","","","","",""
"a0B6900001Ll52y","a266900000AkgBS","29/10/2021","Germany","Europe","genekam.de","Genekam","ebolavirus Zaire Strain","Ebola virus","Zaire ebolavirus","Regulatory Status Unknown","","Molecular","RNA","Unknown","RT-PCR (conventional)","NAT reagent kit – open source","Standard lab instrumentation is required","Manual","Lab-based","Intended for professional use only","Whole Blood","","","No","No","Yes, I would like the test to be made public on FIND’s test directory","Yes","","Company-Sponsored","","","","","","","",""
"a0B6900001Ll52z","a266900000AkgBT","29/10/2021","Germany","Europe","genekam.de","Genekam","ebolavirus Zaire strain Single Check","Ebola virus","Zaire ebolavirus","Regulatory Status Unknown","","Molecular","RNA","Unknown","qRT-PCR","NAT reagent kit – open source","Standard lab instrumentation is required","Manual","Lab-based","Intended for professional use only","","","","No","No","Yes, I would like the test to be made public on FIND’s test directory","Yes","","Company-Sponsored","","","","","","","",""
"a0B6900001Ll530","a266900000AkgC7","29/10/2021","France","Europe","horiba.com/en_en/medical/","HORIBA ABX SAS","Zaire Ebolavirus - POCKIT Central","Ebola virus","Zaire ebolavirus","Regulatory Status Unknown","","Molecular","RNA","Unknown","qRT-PCR","NAT reagent kit – proprietary platform","A proprietary/new instrument is required","Fully automated (including sample preparation)","near Point of Care","Intended for professional use only","","85.00","","Unknown","No","Yes, I would like the test to be made public on FIND’s test directory","Yes","","Company-Sponsored","","","","","","","",""
"a0B6900001Ll531","a266900000AkgCZ","29/10/2021","Russian Federation","Europe","interlabservice.ru/en/","InterLabService ltd.","AmpliSens EBOV Zaire-FRT","Ebola virus","Zaire ebolavirus","Regulatory Achieved","CE-IVD","Molecular","RNA","Unknown","qRT-PCR","NAT reagent kit – open source","Standard lab instrumentation is required","Manual","Lab-based","Intended for professional use only","Plasma; Urine; Whole Blood; Other","","","No","No","Yes, I would like the test to be made public on FIND’s test directory","Yes","","Company-Sponsored","","","","","","","",""
"a0B6900001Ll532","a266900000AkgCa","29/10/2021","Russian Federation","Europe","interlabservice.ru/en/","InterLabService ltd.","AmpliSens FiloA-screen-FRT PCR kit","Ebola virus","Sudan ebolavirus; Zaire ebolavirus","Regulatory Achieved","CE-IVD","Molecular","RNA","Unknown","qRT-PCR","NAT reagent kit – open source","Standard lab instrumentation is required","Manual","Lab-based","Intended for professional use only","Plasma; Whole Blood; Other","","","No","No","Yes, I would like the test to be made public on FIND’s test directory","Yes","","Company-Sponsored","","","","","","","",""
"a0B6900001Ll533","a266900000AkgCp","29/10/2021","China","Western Pacific","bioperfectus.com","Jiangsu Bioperfectus Technologies Co., ltd.","ebolavirus Real Time PCR Kit","Ebola virus","Sudan ebolavirus; Zaire ebolavirus","Regulatory Achieved","CE-IVD","Molecular","RNA","Unknown","qRT-PCR","NAT reagent kit – open source","Standard lab instrumentation is required","Manual","Lab-based","Intended for professional use only","Serum; Plasma; Urine; Whole Blood","76.00","","No","No","Yes, I would like the test to be made public on FIND’s test directory","Yes","","Company-Sponsored","","","","","","","",""
"a0B6900001Ll534","a266900000AkgCx","29/10/2021","Korea, Republic of","South-East Asia","khmedical.co.kr","KH Medical Co., Ltd","RADI ebolavirus Detection Kit","Ebola virus","Bundibugyo ebolavirus; Sudan ebolavirus; Zaire ebolavirus","Regulatory Status Unknown","","Molecular","RNA","EBOV Nucleotide protein","qRT-PCR","NAT reagent kit – open source","Standard lab instrumentation is required","Manual","Lab-based","Intended for professional use only","Serum; Plasma","100.00","","No","No","Yes, I would like the test to be made public on FIND’s test directory","Yes","","Company-Sponsored","","","","","","","",""
"a0B6900001Ll535","a266900000AkgDM","29/10/2021","United States","Americas","liferiverbiotech.com","Liferiver Bio-Tech (United States) Corp.","ebolavirus (EBOV) Real Time RT-PCR Kit","Ebola virus","Ebola spp.","Regulatory Achieved","China NMPA; CE-IVD","Molecular","RNA","Unknown","qRT-PCR","NAT reagent kit – proprietary platform","A proprietary/new instrument is required","Manual","Lab-based","Intended for professional use only","","","","No","No","Yes, I would like the test to be made public on FIND’s test directory","Yes","","Company-Sponsored","","","","","","","",""
"a0B6900001Ll536","a266900000AkgDu","29/10/2021","China","Western Pacific","en.mabsky.com/index.html","MABSKY BIO-TECH CO.,ltd.","The ebolavirus Detection Kit (Real-Time PCR Method)","Ebola virus","Ebola spp.","Regulatory Status Unknown","","Molecular","RNA","Unknown","qRT-PCR","NAT reagent kit – open source","Standard lab instrumentation is required","Manual","Lab-based","Intended for professional use only","Purified RNA","","","No","No","Yes, I would like the test to be made public on FIND’s test directory","Yes","","Company-Sponsored","","","","","","","",""
"a0B6900001Ll537","a266900000AkgEP","29/10/2021","Germany","Europe","midgemedical.com/","Midge medical","ebolavirus","Ebola virus","Zaire ebolavirus","Development","","Molecular","RNA","Unknown","RT-isothermal NAT (other)","NAT reagent kit – proprietary platform","A proprietary/new instrument is required","Manual","near Point of Care","Intended for self-testing (version available)","","","","Yes - connected","No","Yes, I would like the test to be made public on FIND’s test directory","Yes","","Company-Sponsored","","","","","","","",""
"a0B6900001Ll538","a266900000AkgEQ","29/10/2021","Germany","Europe","midgemedical.com/","Midge medical","Sudan virus","Ebola virus","Sudan ebolavirus","Development","","Molecular","RNA","Unknown","RT-isothermal NAT (other)","NAT reagent kit – proprietary platform","A proprietary/new instrument is required","","near Point of Care","Intended for self-testing (version available)","","","","Yes - connected","No","Yes, I would like the test to be made public on FIND’s test directory","Yes","","Company-Sponsored","","","","","","","",""
"a0B6900001Ll539","a266900000AkgFB","29/10/2021","United States","Americas","orasure.com/","OraSure Technologies Inc.","OraQuick Ebola Rapid Antigen Test","Ebola virus","Ebola spp.","Regulatory Status Unknown","WHO EUL","Immunoassay","Antigen","EBOV viral matrix protein 40","Lateral Flow Assay","Rapid diagnostic test (strip or cassette)","No instrumentation is required","Manual","True Point of Care","Intended for professional use only","Whole Blood","30.00","","No","","Yes, I would like the test to be made public on FIND’s test directory","Yes","","Company-Sponsored","97.10","100.00","35","193","228","","",""
"a0B6900001Ll53A","a266900000AkgFK","29/10/2021","United Kingdom","Europe","pcrmax.com/","PCRMax","Zaire ebolavirus","Ebola virus","Zaire ebolavirus","Regulatory Status Unknown","","Molecular","RNA","Other","qRT-PCR","NAT reagent kit – open source","Standard lab instrumentation is required","Manual","Lab-based","Intended for professional use only","Purified RNA","","","No","No","Yes, I would like the test to be made public on FIND’s test directory","Yes","","Company-Sponsored","","","","","","","",""
"a0B6900001Ll53L","a266900000AkgFn","29/10/2021","Korea, Republic of","Western Pacific","rapigen-inc.com","RapiGEN, Inc.","BIOCREDIT Ebola Ag Test; One Step Ebola Antigen Test","Ebola virus","Ebola spp.","Regulatory Status Unknown","","Immunoassay","Antigen","Unknown","Lateral Flow Assay","Rapid diagnostic test (strip or cassette)","No instrumentation is required","Manual","True Point of Care","Intended for professional use only","Serum; Plasma; Whole Blood","20.00","","No","No","Yes, I would like the test to be made public on FIND’s test directory","Yes","","Company-Sponsored","","","","","","","",""
"a0B6900001Ll53M","a266900000AkgG3","29/10/2021","Germany","Europe","molecular.roche.com/","Roche Diagnostics GmbH","LightMix Ebola Zaire rRT-PCR Test","Ebola virus","Zaire ebolavirus","Regulatory Achieved","US FDA EUA","Molecular","RNA","Unknown","qRT-PCR","NAT reagent kit – open source","Standard lab instrumentation is required","Manual","Lab-based","Intended for professional use only","Whole Blood","180.00","","No","No","Yes, I would like the test to be made public on FIND’s test directory","Yes","","Company-Sponsored","","","","","","","",""
"a0B6900001Ll53N","a266900000AkgG8","29/10/2021","Italy","Europe","sacace.com","Sacace Biotechnologies","New Ebola Zaire Virus Real Time PCR detection kit","Ebola virus","Zaire ebolavirus","Regulatory Status Unknown","","Molecular","RNA","Unknown","qRT-PCR","NAT reagent kit – open source","Standard lab instrumentation is required","Manual","Lab-based","Intended for professional use only","Saliva; Plasma; Whole Blood","","","No","No","Yes, I would like the test to be made public on FIND’s test directory","Yes","","Company-Sponsored","","","","","","","",""
"a0B6900001Ll53O","a266900000AkgGS","29/10/2021","Korea, Republic of","South-East Asia","sdbiosensor.com","SD BIOSENSOR INC","STANDARD Q Ebola Zaire Ag","Ebola virus","Zaire ebolavirus","Regulatory Achieved","WHO EUL; CE-IVD","Immunoassay","Antigen","EBOV Glycoprotein; EBOV Nucleotide protein; EBOV viral matrix protein 40","Lateral Flow Assay","Rapid diagnostic test (strip or cassette)","No instrumentation is required","Manual","True Point of Care","Intended for professional use only","Serum; Plasma; Whole Blood","20.00","","No","No","Yes, I would like the test to be made public on FIND’s test directory","Yes","","Company-Sponsored","84.90","99.70","","","","","",""
"a0B6900001Ll53Q","a266900000AkgGc","29/10/2021","China","Western Pacific","liferiverbiotech.com","Shanghai ZJ Bio-Tech Co., ltd.","ebolavirus (EBOV) Real Time RT-PCR Kit","Ebola virus","Zaire ebolavirus","Regulatory Achieved","China NMPA; CE-IVD","Molecular","RNA","Unknown","qRT-PCR","NAT reagent kit – open source","Standard lab instrumentation is required","Manual","Lab-based","Intended for professional use only","Purified RNA","","","No","No","Yes, I would like the test to be made public on FIND’s test directory","Yes","","Company-Sponsored","","","","","","","",""
"a0B6900001Ll53P","a266900000BFJMC","29/10/2021","China","Western Pacific","liferiverbiotech.com","Shanghai ZJ Bio-Tech Co., ltd.","ebolavirus (EBOV) Real Time RT-PCR Kit light-cycler","Ebola virus","Zaire ebolavirus","Regulatory Achieved","China NMPA; CE-IVD","Molecular","RNA","Unknown","qRT-PCR","NAT reagent kit – proprietary platform","A proprietary/new instrument is required","Manual","Lab-based","Intended for professional use only","Purified RNA","","","No","No","Yes, I would like the test to be made public on FIND’s test directory","Yes","","Company-Sponsored","","","","","","","",""
"a0B6900001Ll53R","a266900000AkgHR","29/10/2021","France","Europe","vedalab.com/","VedaLab","Ebola test","Ebola virus","Zaire ebolavirus","Regulatory Achieved","CE-IVD","Immunoassay","Antigen","Unknown","Lateral Flow Assay","Rapid diagnostic test (strip or cassette)","No instrumentation is required","Manual","True Point of Care","Intended for professional use only","Serum; Plasma; Whole Blood","10.00","","No","No","Yes, I would like the test to be made public on FIND’s test directory","Yes","","Company-Sponsored","","","","","","","",""
"a0B6900001Ll53S","a266900000AkgHt","29/10/2021","United States","Americas","zalgen.com/","Zalgen Labs","ReEBOV IgG/IgM ELISA Test Kit","Ebola virus","Ebola spp.","Regulatory Status Unknown","","Immunoassay","Antibody (serological)","Anti-EBOV IgG; Anti-EBOV IgM","ELISA/EIA","IA Reagent Kit","Standard lab instrumentation is required","Manual","Lab-based","Intended for professional use only","Serum; Plasma","","","No","No","Yes, I would like the test to be made public on FIND’s test directory","Yes","","Company-Sponsored","","","","","","","",""
"a0B6900001Ll53T","a266900000AkgHu","29/10/2021","United States","Americas","zalgen.com/","Zalgen Labs","ReEBOV VP40 Antigen ELISA Test Kit","Ebola virus","Ebola spp.","Regulatory Status Unknown","","Immunoassay","Antigen","EBOV viral matrix protein 40","ELISA/EIA","IA Reagent Kit","Standard lab instrumentation is required","Manual","Lab-based","Intended for professional use only","Serum; Plasma","","","No","No","Yes, I would like the test to be made public on FIND’s test directory","Yes","","Company-Sponsored","","","","","","","",""
"a0B6900001Ll53U","a266900000AkgHv","29/10/2021","United States","Americas","zalgen.com/","Zalgen Labs","ReEBOV Antigen Rapid Test RUO - lateral Flow","Ebola virus","Ebola spp.","Regulatory Status Unknown","","Immunoassay","Antigen","EBOV viral matrix protein 40","Lateral Flow Assay","Rapid diagnostic test (strip or cassette)","No instrumentation is required","Manual","True Point of Care","Intended for professional use only","Serum; Plasma","15.00","","No","No","Yes, I would like the test to be made public on FIND’s test directory","Yes","","Company-Sponsored","","","","","","","",""
