Submission Title,Company/Institution Name,Product Website,Country of Manufacturer,Stage of Development,Regulatory Approval,Type of Technology,Test Format,Target Analyte(s),Lab vs. POC,Validated Sample Types
Abiores monkeypox virus nucleic acid detection kit,"Abiores Technology (Beijing) Co.,Ltd.","<a href=""javascript:openPopupFocus%28%27http%3A%2F%2Fabiores.com%27%2C%20%27_blank%27%2C%20620%2C%20430%2C%20%27width%3D620%2Cheight%3D430%2Cresizable%3Dyes%2Ctoolbar%3Dyes%2Cstatus%3Dyes%2Cscrollbars%3Dyes%2Cmenubar%3Dyes%2Cdirectories%3Dyes%2Clocation%3Dyes%2Cdependant%3Dno%27%2C%20false%2C%20true%29%3B"" title=""http://abiores.com (New Window)"">http://abiores.com</a>",China,Regulatory Achieved,CE-IVD,Molecular,"NAT reagent kit – open source",Unknown,Lab-based,Unknown
AMD Monkeypox PCR Kit,Advanced Molecular Diagnostics Ltd,"<a href=""javascript:openPopupFocus%28%27https%3A%2F%2Fam-diagnostics.co.uk%2Fproduct%2Fmonkeypox%2F%27%2C%20%27_blank%27%2C%20620%2C%20430%2C%20%27width%3D620%2Cheight%3D430%2Cresizable%3Dyes%2Ctoolbar%3Dyes%2Cstatus%3Dyes%2Cscrollbars%3Dyes%2Cmenubar%3Dyes%2Cdirectories%3Dyes%2Clocation%3Dyes%2Cdependant%3Dno%27%2C%20false%2C%20true%29%3B"" title=""https://am-diagnostics.co.uk/product/monkeypox/ (New Window)"">https://am-diagnostics.co.uk/product/monkeypox/</a>",United Kingdom,Regulatory Achieved,CE-IVD,Molecular,"NAT reagent kit – open source",MPX F3L gene,Lab-based,Serum; Plasma; Whole Blood; Lesion fluid
Antai monkeypox virus nucleic acid detection kit,"Beijing Zhongjian Antai Diagnostic Technology Co.,Ltd.","<a href=""javascript:openPopupFocus%28%27http%3A%2F%2Fbjzjat.com%27%2C%20%27_blank%27%2C%20620%2C%20430%2C%20%27width%3D620%2Cheight%3D430%2Cresizable%3Dyes%2Ctoolbar%3Dyes%2Cstatus%3Dyes%2Cscrollbars%3Dyes%2Cmenubar%3Dyes%2Cdirectories%3Dyes%2Clocation%3Dyes%2Cdependant%3Dno%27%2C%20false%2C%20true%29%3B"" title=""http://bjzjat.com (New Window)"">http://bjzjat.com</a>",China,Regulatory Achieved,CE-IVD,Molecular,"NAT reagent kit – open source",Unknown,Lab-based,Unknown
Anti-Monkeypox Rapid Test,"Autobio Diagnostics Co., Ltd","<a href=""javascript:openPopupFocus%28%27http%3A%2F%2Fautobio.com.cn%27%2C%20%27_blank%27%2C%20620%2C%20430%2C%20%27width%3D620%2Cheight%3D430%2Cresizable%3Dyes%2Ctoolbar%3Dyes%2Cstatus%3Dyes%2Cscrollbars%3Dyes%2Cmenubar%3Dyes%2Cdirectories%3Dyes%2Clocation%3Dyes%2Cdependant%3Dno%27%2C%20false%2C%20true%29%3B"" title=""http://autobio.com.cn (New Window)"">http://autobio.com.cn</a>",China,Regulatory Achieved,CE-IVD,Immunoassay,Rapid diagnostic test (strip or cassette),MPX IgG; MPX IgM,True Point of Care,Serum; Plasma; Whole Blood
Applied Biological Technologies Real-time PCR Detection kit for Monkeypox virus,"Beijing Applied Biological Technologies Co., ltd.","<a href=""javascript:openPopupFocus%28%27http%3A%2F%2Fx-abt.com%27%2C%20%27_blank%27%2C%20620%2C%20430%2C%20%27width%3D620%2Cheight%3D430%2Cresizable%3Dyes%2Ctoolbar%3Dyes%2Cstatus%3Dyes%2Cscrollbars%3Dyes%2Cmenubar%3Dyes%2Cdirectories%3Dyes%2Clocation%3Dyes%2Cdependant%3Dno%27%2C%20false%2C%20true%29%3B"" title=""http://x-abt.com (New Window)"">http://x-abt.com</a>",China,Regulatory Achieved,CE-IVD,Molecular,"NAT reagent kit – open source",Unknown,Lab-based,Oropharyngeal swab; Nasal swab; Saliva; Urine; Whole Blood; Lesion crusts; Lesion roof; Lesion fluid
Ardent monkeypox virus nucleic acid detection kit,"Guangdong Ardent BioMed Co.,Ltd.","<a href=""javascript:openPopupFocus%28%27http%3A%2F%2Fardentbiomedllc.com%27%2C%20%27_blank%27%2C%20620%2C%20430%2C%20%27width%3D620%2Cheight%3D430%2Cresizable%3Dyes%2Ctoolbar%3Dyes%2Cstatus%3Dyes%2Cscrollbars%3Dyes%2Cmenubar%3Dyes%2Cdirectories%3Dyes%2Clocation%3Dyes%2Cdependant%3Dno%27%2C%20false%2C%20true%29%3B"" title=""http://ardentbiomedllc.com (New Window)"">http://ardentbiomedllc.com</a>",China,Regulatory Achieved,CE-IVD,Molecular,"NAT reagent kit – open source",Unknown,Lab-based,Unknown
AutoMolec Monkeypox,"Autobio Diagnostics Co., Ltd","<a href=""javascript:openPopupFocus%28%27https%3A%2F%2Fen.autobio.com.cn%2FClient%2FsolutionDetail%2Ffid%2F22%2Fcid%2F23%2Fid%2F63.html%27%2C%20%27_blank%27%2C%20620%2C%20430%2C%20%27width%3D620%2Cheight%3D430%2Cresizable%3Dyes%2Ctoolbar%3Dyes%2Cstatus%3Dyes%2Cscrollbars%3Dyes%2Cmenubar%3Dyes%2Cdirectories%3Dyes%2Clocation%3Dyes%2Cdependant%3Dno%27%2C%20false%2C%20true%29%3B"" title=""https://en.autobio.com.cn/Client/solutionDetail/fid/22/cid/23/id/63.html (New Window)"">https://en.autobio.com.cn/Client/solutionDetail/fid/22/cid/23/id/63.html</a>",China,Regulatory Achieved,CE-IVD,Molecular,"NAT reagent kit – proprietary platform",MPX F3L gene,Lab-based,Serum; Purified DNA; Lesion crusts; Lesion roof; Lesion fluid
Babio monkeypox virus nucleic acid detection kit,"JINAN BABIO BIOTECHNOLOGY CO., ltd.","<a href=""javascript:openPopupFocus%28%27http%3A%2F%2Fjnbaibo.com%27%2C%20%27_blank%27%2C%20620%2C%20430%2C%20%27width%3D620%2Cheight%3D430%2Cresizable%3Dyes%2Ctoolbar%3Dyes%2Cstatus%3Dyes%2Cscrollbars%3Dyes%2Cmenubar%3Dyes%2Cdirectories%3Dyes%2Clocation%3Dyes%2Cdependant%3Dno%27%2C%20false%2C%20true%29%3B"" title=""http://jnbaibo.com (New Window)"">http://jnbaibo.com</a>",China,Regulatory Achieved,CE-IVD,Molecular,"NAT reagent kit – open source",Unknown,Lab-based,Unknown
Bacme Monkeypox Virus PCR Test Kit (Real-time PCR),"Suzhou Bacme Biotech Co.,Ltd.","<a href=""javascript:openPopupFocus%28%27http%3A%2F%2Fbacme-bio.com%27%2C%20%27_blank%27%2C%20620%2C%20430%2C%20%27width%3D620%2Cheight%3D430%2Cresizable%3Dyes%2Ctoolbar%3Dyes%2Cstatus%3Dyes%2Cscrollbars%3Dyes%2Cmenubar%3Dyes%2Cdirectories%3Dyes%2Clocation%3Dyes%2Cdependant%3Dno%27%2C%20false%2C%20true%29%3B"" title=""http://bacme-bio.com (New Window)"">http://bacme-bio.com</a>",China,Regulatory Achieved,CE-IVD,Molecular,"NAT reagent kit – open source",Unknown,Lab-based,Unknown
Bioantibody monkeypox virus nucleic acid detection kit,"Bioantibody Biotechnology Co., Ltd.","<a href=""javascript:openPopupFocus%28%27http%3A%2F%2Fbaikangbiotech.com%27%2C%20%27_blank%27%2C%20620%2C%20430%2C%20%27width%3D620%2Cheight%3D430%2Cresizable%3Dyes%2Ctoolbar%3Dyes%2Cstatus%3Dyes%2Cscrollbars%3Dyes%2Cmenubar%3Dyes%2Cdirectories%3Dyes%2Clocation%3Dyes%2Cdependant%3Dno%27%2C%20false%2C%20true%29%3B"" title=""http://baikangbiotech.com (New Window)"">http://baikangbiotech.com</a>",China,Regulatory Achieved,CE-IVD,Molecular,"NAT reagent kit – open source",Unknown,Lab-based,Unknown
Biotest monkeypox virus nucleic acid detection kit,"Hangzhou Biotest Biotech Co., ltd.","<a href=""javascript:openPopupFocus%28%27http%3A%2F%2Fen.biotests.com.cn%27%2C%20%27_blank%27%2C%20620%2C%20430%2C%20%27width%3D620%2Cheight%3D430%2Cresizable%3Dyes%2Ctoolbar%3Dyes%2Cstatus%3Dyes%2Cscrollbars%3Dyes%2Cmenubar%3Dyes%2Cdirectories%3Dyes%2Clocation%3Dyes%2Cdependant%3Dno%27%2C%20false%2C%20true%29%3B"" title=""http://en.biotests.com.cn (New Window)"">http://en.biotests.com.cn</a>",China,Regulatory Achieved,CE-IVD,Molecular,"NAT reagent kit – open source",Unknown,Lab-based,Unknown
Bohui monkeypox virus nucleic acid detection kit,Beijing Bohui Innovation Biotechnology,"<a href=""javascript:openPopupFocus%28%27http%3A%2F%2Fbohui-tech.com%27%2C%20%27_blank%27%2C%20620%2C%20430%2C%20%27width%3D620%2Cheight%3D430%2Cresizable%3Dyes%2Ctoolbar%3Dyes%2Cstatus%3Dyes%2Cscrollbars%3Dyes%2Cmenubar%3Dyes%2Cdirectories%3Dyes%2Clocation%3Dyes%2Cdependant%3Dno%27%2C%20false%2C%20true%29%3B"" title=""http://bohui-tech.com (New Window)"">http://bohui-tech.com</a>",China,Regulatory Achieved,CE-IVD,Molecular,"NAT reagent kit – open source",Unknown,Lab-based,Unknown
CAS-Envision monkeypox virus nucleic acid detection kit,"Shenzhen CAS-Envision Medical Technology Co., Ltd.","<a href=""javascript:openPopupFocus%28%27http%3A%2F%2Fcas-envision.com%27%2C%20%27_blank%27%2C%20620%2C%20430%2C%20%27width%3D620%2Cheight%3D430%2Cresizable%3Dyes%2Ctoolbar%3Dyes%2Cstatus%3Dyes%2Cscrollbars%3Dyes%2Cmenubar%3Dyes%2Cdirectories%3Dyes%2Clocation%3Dyes%2Cdependant%3Dno%27%2C%20false%2C%20true%29%3B"" title=""http://cas-envision.com (New Window)"">http://cas-envision.com</a>",China,Regulatory Achieved,CE-IVD,Molecular,"NAT reagent kit – open source",Unknown,Lab-based,Unknown
Detection Kit for Monkeypox Virus,"Xiamen Biotime Biotechnology Co., Ltd.","<a href=""javascript:openPopupFocus%28%27http%3A%2F%2Fwww.xiamenbiotime.com%27%2C%20%27_blank%27%2C%20620%2C%20430%2C%20%27width%3D620%2Cheight%3D430%2Cresizable%3Dyes%2Ctoolbar%3Dyes%2Cstatus%3Dyes%2Cscrollbars%3Dyes%2Cmenubar%3Dyes%2Cdirectories%3Dyes%2Clocation%3Dyes%2Cdependant%3Dno%27%2C%20false%2C%20true%29%3B"" title=""http://www.xiamenbiotime.com (New Window)"">http://www.xiamenbiotime.com</a>",China,Research Use Only (RUO),Unknown,Molecular,"NAT reagent kit – open source",MPX F3L gene,Lab-based,Purified DNA; Wound swab
Dian monkeypox virus nucleic acid detection kit,"Dian Diagnostics Group Co.,Ltd.","<a href=""javascript:openPopupFocus%28%27http%3A%2F%2Fdazd.cn%27%2C%20%27_blank%27%2C%20620%2C%20430%2C%20%27width%3D620%2Cheight%3D430%2Cresizable%3Dyes%2Ctoolbar%3Dyes%2Cstatus%3Dyes%2Cscrollbars%3Dyes%2Cmenubar%3Dyes%2Cdirectories%3Dyes%2Clocation%3Dyes%2Cdependant%3Dno%27%2C%20false%2C%20true%29%3B"" title=""http://dazd.cn (New Window)"">http://dazd.cn</a>",China,Regulatory Achieved,CE-IVD,Molecular,"NAT reagent kit – open source",Unknown,Lab-based,Unknown
"Differentiation of variola, monkeypox, and varicella-zoster viruses  QPCR",State Research Center of Virology and Biotechnology “VECTOR”,"<a href=""javascript:openPopupFocus%28%27http%3A%2F%2Fdoi.org%2F10.1016%2Fj.jviromet.2016.07.024%27%2C%20%27_blank%27%2C%20620%2C%20430%2C%20%27width%3D620%2Cheight%3D430%2Cresizable%3Dyes%2Ctoolbar%3Dyes%2Cstatus%3Dyes%2Cscrollbars%3Dyes%2Cmenubar%3Dyes%2Cdirectories%3Dyes%2Clocation%3Dyes%2Cdependant%3Dno%27%2C%20false%2C%20true%29%3B"" title=""http://doi.org/10.1016/j.jviromet.2016.07.024 (New Window)"">http://doi.org/10.1016/j.jviromet.2016.07.024</a>",Russian Federation,Validation,Unknown,Molecular,"NAT reagent kit – open source",MPX B7R gene; Other,Lab-based,Unknown
Dynamiker Monkeypox Virus Ag Rapid Test,"Dynamiker Biotechnology (Tianjin) Co., Ltd.","<a href=""javascript:openPopupFocus%28%27https%3A%2F%2Fen.dynamiker.com%2F%27%2C%20%27_blank%27%2C%20620%2C%20430%2C%20%27width%3D620%2Cheight%3D430%2Cresizable%3Dyes%2Ctoolbar%3Dyes%2Cstatus%3Dyes%2Cscrollbars%3Dyes%2Cmenubar%3Dyes%2Cdirectories%3Dyes%2Clocation%3Dyes%2Cdependant%3Dno%27%2C%20false%2C%20true%29%3B"" title=""https://en.dynamiker.com/ (New Window)"">https://en.dynamiker.com/</a>",China,Regulatory Achieved,CE-IVD,Immunoassay,Rapid diagnostic test (strip or cassette),Other,True Point of Care,Serum; Plasma; Whole Blood; Other
Dynamiker monkeypox virus nucleic acid detection kit,"Dynamiker Biotechnology(Tianjin) Co., ltd.","<a href=""javascript:openPopupFocus%28%27http%3A%2F%2Fen.dynamiker.com%27%2C%20%27_blank%27%2C%20620%2C%20430%2C%20%27width%3D620%2Cheight%3D430%2Cresizable%3Dyes%2Ctoolbar%3Dyes%2Cstatus%3Dyes%2Cscrollbars%3Dyes%2Cmenubar%3Dyes%2Cdirectories%3Dyes%2Clocation%3Dyes%2Cdependant%3Dno%27%2C%20false%2C%20true%29%3B"" title=""http://en.dynamiker.com (New Window)"">http://en.dynamiker.com</a>",China,Regulatory Achieved,CE-IVD,Molecular,"NAT reagent kit – open source",Unknown,Lab-based,Unknown
Ebola virus + Monkeypox virus Real Time PCR Kit,Genekam,"<a href=""javascript:openPopupFocus%28%27http%3A%2F%2Fgenekam.de%27%2C%20%27_blank%27%2C%20620%2C%20430%2C%20%27width%3D620%2Cheight%3D430%2Cresizable%3Dyes%2Ctoolbar%3Dyes%2Cstatus%3Dyes%2Cscrollbars%3Dyes%2Cmenubar%3Dyes%2Cdirectories%3Dyes%2Clocation%3Dyes%2Cdependant%3Dno%27%2C%20false%2C%20true%29%3B"" title=""http://genekam.de (New Window)"">http://genekam.de</a>",Germany,Research Use Only (RUO),Unknown,Molecular,"NAT reagent kit – open source",Unknown,Lab-based,Unknown
FastPlex  MonkeyPox Virus Real Time PCR Kit,PreciGenome llc,"<a href=""javascript:openPopupFocus%28%27http%3A%2F%2Fprecigenome.com%27%2C%20%27_blank%27%2C%20620%2C%20430%2C%20%27width%3D620%2Cheight%3D430%2Cresizable%3Dyes%2Ctoolbar%3Dyes%2Cstatus%3Dyes%2Cscrollbars%3Dyes%2Cmenubar%3Dyes%2Cdirectories%3Dyes%2Clocation%3Dyes%2Cdependant%3Dno%27%2C%20false%2C%20true%29%3B"" title=""http://precigenome.com (New Window)"">http://precigenome.com</a>",United States,Regulatory Achieved,CE-IVD,Molecular,"NAT reagent kit – open source",Other,Lab-based,Unknown
FilmArray BioThreat Panel,"BioFire Defense, llc","<a href=""javascript:openPopupFocus%28%27http%3A%2F%2Fbiofiredefense.com%27%2C%20%27_blank%27%2C%20620%2C%20430%2C%20%27width%3D620%2Cheight%3D430%2Cresizable%3Dyes%2Ctoolbar%3Dyes%2Cstatus%3Dyes%2Cscrollbars%3Dyes%2Cmenubar%3Dyes%2Cdirectories%3Dyes%2Clocation%3Dyes%2Cdependant%3Dno%27%2C%20false%2C%20true%29%3B"" title=""http://biofiredefense.com (New Window)"">http://biofiredefense.com</a>",United States,Regulatory Status Unknown,Unknown,Molecular,Cartridge-based processing,Unknown,near Point of Care,Buccal swab
FilmArray Sentinel Panel,"BioFire Defense, llc","<a href=""javascript:openPopupFocus%28%27http%3A%2F%2Fbiofiredefense.com%27%2C%20%27_blank%27%2C%20620%2C%20430%2C%20%27width%3D620%2Cheight%3D430%2Cresizable%3Dyes%2Ctoolbar%3Dyes%2Cstatus%3Dyes%2Cscrollbars%3Dyes%2Cmenubar%3Dyes%2Cdirectories%3Dyes%2Clocation%3Dyes%2Cdependant%3Dno%27%2C%20false%2C%20true%29%3B"" title=""http://biofiredefense.com (New Window)"">http://biofiredefense.com</a>",United States,Research Use Only (RUO),Unknown,Molecular,Cartridge-based processing,Unknown,near Point of Care,Other
FireGene's Monkeypox Virus Nucleic Acid Detection Kit (Real-time PCR Method),FireGene Inc,"<a href=""javascript:openPopupFocus%28%27https%3A%2F%2Ffiregene.com%2Fproducts%2Fmonkeypox-virus-nucleic-acid-detection-kit-real-time-pcr-method-ce-certified%27%2C%20%27_blank%27%2C%20620%2C%20430%2C%20%27width%3D620%2Cheight%3D430%2Cresizable%3Dyes%2Ctoolbar%3Dyes%2Cstatus%3Dyes%2Cscrollbars%3Dyes%2Cmenubar%3Dyes%2Cdirectories%3Dyes%2Clocation%3Dyes%2Cdependant%3Dno%27%2C%20false%2C%20true%29%3B"" title=""https://firegene.com/products/monkeypox-virus-nucleic-acid-detection-kit-real-time-pcr-method-ce-certified (New Window)"">https://firegene.com/products/monkeypox-virus-nucleic-acid-detection-kit-real-time-pcr-method-ce-certified</a>",United States,Regulatory Achieved,China NMPA; CE-IVD,Molecular,"NAT reagent kit – open source",OPX E9L; Other,Lab-based,Nasopharyngeal swab; Oropharyngeal swab; Nasal swab; Saliva; Finger prick blood; Wound swab; Other
Human Monkeypox Virus (MPV) ELISA Kit,MyBiosource.com,"<a href=""javascript:openPopupFocus%28%27http%3A%2F%2Fmybiosource.com%27%2C%20%27_blank%27%2C%20620%2C%20430%2C%20%27width%3D620%2Cheight%3D430%2Cresizable%3Dyes%2Ctoolbar%3Dyes%2Cstatus%3Dyes%2Cscrollbars%3Dyes%2Cmenubar%3Dyes%2Cdirectories%3Dyes%2Clocation%3Dyes%2Cdependant%3Dno%27%2C%20false%2C%20true%29%3B"" title=""http://mybiosource.com (New Window)"">http://mybiosource.com</a>",United States,Research Use Only (RUO),Unknown,Immunoassay,Reagent Kit,Unknown,Lab-based,Serum; Plasma
HuPox mmPCR system,Robert Koch Institute,"<a href=""javascript:openPopupFocus%28%27http%3A%2F%2Fdoi.org%2F10.1016%2Fj.mcp.2009.10.008%27%2C%20%27_blank%27%2C%20620%2C%20430%2C%20%27width%3D620%2Cheight%3D430%2Cresizable%3Dyes%2Ctoolbar%3Dyes%2Cstatus%3Dyes%2Cscrollbars%3Dyes%2Cmenubar%3Dyes%2Cdirectories%3Dyes%2Clocation%3Dyes%2Cdependant%3Dno%27%2C%20false%2C%20true%29%3B"" title=""http://doi.org/10.1016/j.mcp.2009.10.008 (New Window)"">http://doi.org/10.1016/j.mcp.2009.10.008</a>",Germany,Validation,Unknown,Molecular,Cartridge-based processing,Unknown,Lab-based,Unknown
JOYSBIO Monkeypox IgM/IgG Antibody Rapid Test Kit,Joysbio Biotechnology Co ltd.,"<a href=""javascript:openPopupFocus%28%27http%3A%2F%2Fen.joysbio.com%27%2C%20%27_blank%27%2C%20620%2C%20430%2C%20%27width%3D620%2Cheight%3D430%2Cresizable%3Dyes%2Ctoolbar%3Dyes%2Cstatus%3Dyes%2Cscrollbars%3Dyes%2Cmenubar%3Dyes%2Cdirectories%3Dyes%2Clocation%3Dyes%2Cdependant%3Dno%27%2C%20false%2C%20true%29%3B"" title=""http://en.joysbio.com (New Window)"">http://en.joysbio.com</a>",China,Research Use Only (RUO),Unknown,Immunoassay,Rapid diagnostic test (strip or cassette),MPX IgG; MPX IgM,True Point of Care,Finger prick blood
JOYSBIO Monkeypox Rapid Test Kit,Joysbio Biotechnology Co ltd.,"<a href=""javascript:openPopupFocus%28%27http%3A%2F%2Fen.joysbio.com%27%2C%20%27_blank%27%2C%20620%2C%20430%2C%20%27width%3D620%2Cheight%3D430%2Cresizable%3Dyes%2Ctoolbar%3Dyes%2Cstatus%3Dyes%2Cscrollbars%3Dyes%2Cmenubar%3Dyes%2Cdirectories%3Dyes%2Clocation%3Dyes%2Cdependant%3Dno%27%2C%20false%2C%20true%29%3B"" title=""http://en.joysbio.com (New Window)"">http://en.joysbio.com</a>",China,Research Use Only (RUO),CE-IVD,Immunoassay,Rapid diagnostic test (strip or cassette),Unknown,True Point of Care,Lesion fluid
Kanghua monkeypox virus nucleic acid detection kit,"Shandong Kanghua Biotechnology Co.,ltd.","<a href=""javascript:openPopupFocus%28%27http%3A%2F%2Fkhbio.com%27%2C%20%27_blank%27%2C%20620%2C%20430%2C%20%27width%3D620%2Cheight%3D430%2Cresizable%3Dyes%2Ctoolbar%3Dyes%2Cstatus%3Dyes%2Cscrollbars%3Dyes%2Cmenubar%3Dyes%2Cdirectories%3Dyes%2Clocation%3Dyes%2Cdependant%3Dno%27%2C%20false%2C%20true%29%3B"" title=""http://khbio.com (New Window)"">http://khbio.com</a>",China,Regulatory Achieved,CE-IVD,Molecular,"NAT reagent kit – open source",Unknown,Lab-based,Unknown
Kehua monkeypox virus nucleic acid detection kit,"Shanghai Kehua Bio-engineering Co., ltd.","<a href=""javascript:openPopupFocus%28%27http%3A%2F%2Fskhb.com%27%2C%20%27_blank%27%2C%20620%2C%20430%2C%20%27width%3D620%2Cheight%3D430%2Cresizable%3Dyes%2Ctoolbar%3Dyes%2Cstatus%3Dyes%2Cscrollbars%3Dyes%2Cmenubar%3Dyes%2Cdirectories%3Dyes%2Clocation%3Dyes%2Cdependant%3Dno%27%2C%20false%2C%20true%29%3B"" title=""http://skhb.com (New Window)"">http://skhb.com</a>",China,Regulatory Achieved,CE-IVD,Molecular,"NAT reagent kit – open source",Unknown,Lab-based,Unknown
LogixSmart monkeypox test in development,"Co-Diagnostics, Inc.","<a href=""javascript:openPopupFocus%28%27http%3A%2F%2Fcodiagnostics.com%27%2C%20%27_blank%27%2C%20620%2C%20430%2C%20%27width%3D620%2Cheight%3D430%2Cresizable%3Dyes%2Ctoolbar%3Dyes%2Cstatus%3Dyes%2Cscrollbars%3Dyes%2Cmenubar%3Dyes%2Cdirectories%3Dyes%2Clocation%3Dyes%2Cdependant%3Dno%27%2C%20false%2C%20true%29%3B"" title=""http://codiagnostics.com (New Window)"">http://codiagnostics.com</a>",United States,Late Stage Development (fully functional prototype),Unknown,Molecular,"NAT reagent kit – open source",Unknown,Lab-based,Unknown
Lyophilized Monkeypox Real-time PCR Test kit,"Guangdong Huayin Medicine Science Co,.ltd.","<a href=""javascript:openPopupFocus%28%27http%3A%2F%2Fhuayinbio.net%27%2C%20%27_blank%27%2C%20620%2C%20430%2C%20%27width%3D620%2Cheight%3D430%2Cresizable%3Dyes%2Ctoolbar%3Dyes%2Cstatus%3Dyes%2Cscrollbars%3Dyes%2Cmenubar%3Dyes%2Cdirectories%3Dyes%2Clocation%3Dyes%2Cdependant%3Dno%27%2C%20false%2C%20true%29%3B"" title=""http://huayinbio.net (New Window)"">http://huayinbio.net</a>",China,Regulatory Achieved,CE-IVD,Molecular,"NAT reagent kit – open source",Unknown,Lab-based,Unknown
Med-Tec monkeypox virus nucleic acid detection kit,"Jiangsu Macro & Micro-Test Med-Tech Co., ltd.","<a href=""javascript:openPopupFocus%28%27http%3A%2F%2Fhongweitest.cn%27%2C%20%27_blank%27%2C%20620%2C%20430%2C%20%27width%3D620%2Cheight%3D430%2Cresizable%3Dyes%2Ctoolbar%3Dyes%2Cstatus%3Dyes%2Cscrollbars%3Dyes%2Cmenubar%3Dyes%2Cdirectories%3Dyes%2Clocation%3Dyes%2Cdependant%3Dno%27%2C%20false%2C%20true%29%3B"" title=""http://hongweitest.cn (New Window)"">http://hongweitest.cn</a>",China,Regulatory Achieved,CE-IVD,Molecular,"NAT reagent kit – open source",Unknown,Lab-based,Unknown
MGI monkeypox virus nucleic acid detection kit,"MGI Tech Co., ltd.","<a href=""javascript:openPopupFocus%28%27http%3A%2F%2Fen.mgitech.cn%27%2C%20%27_blank%27%2C%20620%2C%20430%2C%20%27width%3D620%2Cheight%3D430%2Cresizable%3Dyes%2Ctoolbar%3Dyes%2Cstatus%3Dyes%2Cscrollbars%3Dyes%2Cmenubar%3Dyes%2Cdirectories%3Dyes%2Clocation%3Dyes%2Cdependant%3Dno%27%2C%20false%2C%20true%29%3B"" title=""http://en.mgitech.cn (New Window)"">http://en.mgitech.cn</a>",China,Regulatory Achieved,CE-IVD,Molecular,"NAT reagent kit – open source",Unknown,Lab-based,Unknown
Mole Bioscience's Monkeypox Virus Nucleic Acid Detection Kit,"Jiangsu Mole Bioscience Co., ltd.","<a href=""javascript:openPopupFocus%28%27http%3A%2F%2Fen.molechina.com%27%2C%20%27_blank%27%2C%20620%2C%20430%2C%20%27width%3D620%2Cheight%3D430%2Cresizable%3Dyes%2Ctoolbar%3Dyes%2Cstatus%3Dyes%2Cscrollbars%3Dyes%2Cmenubar%3Dyes%2Cdirectories%3Dyes%2Clocation%3Dyes%2Cdependant%3Dno%27%2C%20false%2C%20true%29%3B"" title=""http://en.molechina.com (New Window)"">http://en.molechina.com</a>",China,Regulatory Achieved,CE-IVD,Molecular,"NAT reagent kit – open source",Unknown,Lab-based,Unknown
Monkeypox - LightMix Modular Assay,TIB Molbiol/Roche Diagnostics,"<a href=""javascript:openPopupFocus%28%27http%3A%2F%2Ftib-molbiol.de%27%2C%20%27_blank%27%2C%20620%2C%20430%2C%20%27width%3D620%2Cheight%3D430%2Cresizable%3Dyes%2Ctoolbar%3Dyes%2Cstatus%3Dyes%2Cscrollbars%3Dyes%2Cmenubar%3Dyes%2Cdirectories%3Dyes%2Clocation%3Dyes%2Cdependant%3Dno%27%2C%20false%2C%20true%29%3B"" title=""http://tib-molbiol.de (New Window)"">http://tib-molbiol.de</a>",Germany,Research Use Only (RUO),Unknown,Molecular,"NAT reagent kit – open source",Unknown,Lab-based,Unknown
Monkeypox Ag Rapid Test,"Autobio Diagnostics Co., Ltd","<a href=""javascript:openPopupFocus%28%27http%3A%2F%2Fautobio.com.cn%27%2C%20%27_blank%27%2C%20620%2C%20430%2C%20%27width%3D620%2Cheight%3D430%2Cresizable%3Dyes%2Ctoolbar%3Dyes%2Cstatus%3Dyes%2Cscrollbars%3Dyes%2Cmenubar%3Dyes%2Cdirectories%3Dyes%2Clocation%3Dyes%2Cdependant%3Dno%27%2C%20false%2C%20true%29%3B"" title=""http://autobio.com.cn (New Window)"">http://autobio.com.cn</a>",China,Regulatory Achieved,CE-IVD,Immunoassay,Rapid diagnostic test (strip or cassette),Unknown,True Point of Care,Lesion fluid
Monkeypox qPCR test in development,Abbott,"<a href=""javascript:openPopupFocus%28%27http%3A%2F%2Fabbott.com%27%2C%20%27_blank%27%2C%20620%2C%20430%2C%20%27width%3D620%2Cheight%3D430%2Cresizable%3Dyes%2Ctoolbar%3Dyes%2Cstatus%3Dyes%2Cscrollbars%3Dyes%2Cmenubar%3Dyes%2Cdirectories%3Dyes%2Clocation%3Dyes%2Cdependant%3Dno%27%2C%20false%2C%20true%29%3B"" title=""http://abbott.com (New Window)"">http://abbott.com</a>",United States,Concept,Unknown,Molecular,"NAT reagent kit – open source",Unknown,Lab-based,Unknown
Monkeypox Real-Time PCR kit,Trivitron Healthcare Pvt. ltd.,"<a href=""javascript:openPopupFocus%28%27http%3A%2F%2Ftrivitron.com%27%2C%20%27_blank%27%2C%20620%2C%20430%2C%20%27width%3D620%2Cheight%3D430%2Cresizable%3Dyes%2Ctoolbar%3Dyes%2Cstatus%3Dyes%2Cscrollbars%3Dyes%2Cmenubar%3Dyes%2Cdirectories%3Dyes%2Clocation%3Dyes%2Cdependant%3Dno%27%2C%20false%2C%20true%29%3B"" title=""http://trivitron.com (New Window)"">http://trivitron.com</a>",India,Research Use Only (RUO),Unknown,Molecular,"NAT reagent kit – open source",Unknown,Lab-based,Lesion crusts; Lesion roof; Lesion fluid
Monkeypox Virus Antigen Rapid Test (Immunochromatography),"Qingdao Hightop Biotech Co., ltd.","<a href=""javascript:openPopupFocus%28%27http%3A%2F%2Fhightopbio.com%27%2C%20%27_blank%27%2C%20620%2C%20430%2C%20%27width%3D620%2Cheight%3D430%2Cresizable%3Dyes%2Ctoolbar%3Dyes%2Cstatus%3Dyes%2Cscrollbars%3Dyes%2Cmenubar%3Dyes%2Cdirectories%3Dyes%2Clocation%3Dyes%2Cdependant%3Dno%27%2C%20false%2C%20true%29%3B"" title=""http://hightopbio.com (New Window)"">http://hightopbio.com</a>",China,Regulatory Achieved,CE-IVD,Immunoassay,Rapid diagnostic test (strip or cassette),Unknown,near Point of Care,Oropharyngeal swab; Lesion crusts; Lesion roof; Lesion fluid
Monkeypox Virus Detection Kit (Fluorescence PCR),Healgen Scientific LLC.,"<a href=""javascript:openPopupFocus%28%27http%3A%2F%2Fwww.healgen.com%27%2C%20%27_blank%27%2C%20620%2C%20430%2C%20%27width%3D620%2Cheight%3D430%2Cresizable%3Dyes%2Ctoolbar%3Dyes%2Cstatus%3Dyes%2Cscrollbars%3Dyes%2Cmenubar%3Dyes%2Cdirectories%3Dyes%2Clocation%3Dyes%2Cdependant%3Dno%27%2C%20false%2C%20true%29%3B"" title=""http://www.healgen.com (New Window)"">http://www.healgen.com</a>",United States,Regulatory Achieved,CE-IVD,Molecular,"NAT reagent kit – open source",MPX F3L gene; Other,Lab-based,Nasopharyngeal swab; Oropharyngeal swab; Serum; Plasma; Lesion crusts; Lesion roof; Lesion fluid
Monkeypox Virus Molecular Diagnostic Kit (Fluorescent PCR Test) (Lyophilized),"BioDetect (Xiamen) Biotechnology Co., Ltd.",-,China,Regulatory Achieved,CE-IVD,Molecular,"NAT reagent kit – open source",MPX F3L gene,Lab-based,Lesion fluid
Monkeypox virus nucleic acid detection kit (fluorescence PCR method) ,"Da An Gene Co., ltd. Of Sun Yat-Sen University","<a href=""javascript:openPopupFocus%28%27http%3A%2F%2Fdaangene.com%27%2C%20%27_blank%27%2C%20620%2C%20430%2C%20%27width%3D620%2Cheight%3D430%2Cresizable%3Dyes%2Ctoolbar%3Dyes%2Cstatus%3Dyes%2Cscrollbars%3Dyes%2Cmenubar%3Dyes%2Cdirectories%3Dyes%2Clocation%3Dyes%2Cdependant%3Dno%27%2C%20false%2C%20true%29%3B"" title=""http://daangene.com (New Window)"">http://daangene.com</a>",China,Regulatory Achieved,CE-IVD,Molecular,"NAT reagent kit – open source",Unknown,Lab-based,Purified DNA
Monkeypox Virus Nucleic Acid Detection Kit（Fluorescent PCR）,BGI HEALTH (HK) COMPANY LIMITED,"<a href=""javascript:openPopupFocus%28%27https%3A%2F%2Fwww.bgi.com%2Fglobal%2Fhome%27%2C%20%27_blank%27%2C%20620%2C%20430%2C%20%27width%3D620%2Cheight%3D430%2Cresizable%3Dyes%2Ctoolbar%3Dyes%2Cstatus%3Dyes%2Cscrollbars%3Dyes%2Cmenubar%3Dyes%2Cdirectories%3Dyes%2Clocation%3Dyes%2Cdependant%3Dno%27%2C%20false%2C%20true%29%3B"" title=""https://www.bgi.com/global/home (New Window)"">https://www.bgi.com/global/home</a>","Hong Kong SAR, China",Regulatory Achieved,CE-IVD,Molecular,"NAT reagent kit – open source",MPX B7R gene; MPX F3L gene,Lab-based,Nasopharyngeal swab; Oropharyngeal swab; Serum; Lesion fluid; Other
monkeypox virus nucleic acid detection kits,"Beijing Hotgen Biotech Co., ltd.","<a href=""javascript:openPopupFocus%28%27http%3A%2F%2Fhotgen.com.cn%27%2C%20%27_blank%27%2C%20620%2C%20430%2C%20%27width%3D620%2Cheight%3D430%2Cresizable%3Dyes%2Ctoolbar%3Dyes%2Cstatus%3Dyes%2Cscrollbars%3Dyes%2Cmenubar%3Dyes%2Cdirectories%3Dyes%2Clocation%3Dyes%2Cdependant%3Dno%27%2C%20false%2C%20true%29%3B"" title=""http://hotgen.com.cn (New Window)"">http://hotgen.com.cn</a>",China,Regulatory Achieved,CE-IVD,Molecular,"NAT reagent kit – open source",Unknown,Lab-based,Unknown
monkeypox virus nucleic acid detection kits,"Beijing Lepu Medical Technology Co., ltd.","<a href=""javascript:openPopupFocus%28%27http%3A%2F%2Flepumedical.com%27%2C%20%27_blank%27%2C%20620%2C%20430%2C%20%27width%3D620%2Cheight%3D430%2Cresizable%3Dyes%2Ctoolbar%3Dyes%2Cstatus%3Dyes%2Cscrollbars%3Dyes%2Cmenubar%3Dyes%2Cdirectories%3Dyes%2Clocation%3Dyes%2Cdependant%3Dno%27%2C%20false%2C%20true%29%3B"" title=""http://lepumedical.com (New Window)"">http://lepumedical.com</a>",China,Regulatory Achieved,CE-IVD,Molecular,"NAT reagent kit – open source",Unknown,Lab-based,Unknown
monkeypox virus nucleic acid detection kits,"Cofoe Medical Technology Co.,Ltd","<a href=""javascript:openPopupFocus%28%27http%3A%2F%2Fwww.cofoe.com%27%2C%20%27_blank%27%2C%20620%2C%20430%2C%20%27width%3D620%2Cheight%3D430%2Cresizable%3Dyes%2Ctoolbar%3Dyes%2Cstatus%3Dyes%2Cscrollbars%3Dyes%2Cmenubar%3Dyes%2Cdirectories%3Dyes%2Clocation%3Dyes%2Cdependant%3Dno%27%2C%20false%2C%20true%29%3B"" title=""http://www.cofoe.com (New Window)"">http://www.cofoe.com</a>",China,Regulatory Achieved,CE-IVD,Molecular,"NAT reagent kit – open source",Unknown,Lab-based,Unknown
monkeypox virus nucleic acid detection kits,Guangzhou Hybribio Medicine Technology ltd.,"<a href=""javascript:openPopupFocus%28%27http%3A%2F%2Fhybribio.cn%27%2C%20%27_blank%27%2C%20620%2C%20430%2C%20%27width%3D620%2Cheight%3D430%2Cresizable%3Dyes%2Ctoolbar%3Dyes%2Cstatus%3Dyes%2Cscrollbars%3Dyes%2Cmenubar%3Dyes%2Cdirectories%3Dyes%2Clocation%3Dyes%2Cdependant%3Dno%27%2C%20false%2C%20true%29%3B"" title=""http://hybribio.cn (New Window)"">http://hybribio.cn</a>",China,Regulatory Achieved,CE-IVD,Molecular,"NAT reagent kit – open source",Unknown,Lab-based,Unknown
Monkeypox virus nucleic acid detection kits (fluorescent PCR),ZYBIO INC.,"<a href=""javascript:openPopupFocus%28%27http%3A%2F%2Fzybio.com%27%2C%20%27_blank%27%2C%20620%2C%20430%2C%20%27width%3D620%2Cheight%3D430%2Cresizable%3Dyes%2Ctoolbar%3Dyes%2Cstatus%3Dyes%2Cscrollbars%3Dyes%2Cmenubar%3Dyes%2Cdirectories%3Dyes%2Clocation%3Dyes%2Cdependant%3Dno%27%2C%20false%2C%20true%29%3B"" title=""http://zybio.com (New Window)"">http://zybio.com</a>",China,Research Use Only (RUO),Unknown,Molecular,"NAT reagent kit – open source",Unknown,Lab-based,Unknown
Monkeypox virus Nucleic Acid Diagnostic Kit,Sansure Biotech Inc.,"<a href=""javascript:openPopupFocus%28%27http%3A%2F%2FSansureglobal.com%27%2C%20%27_blank%27%2C%20620%2C%20430%2C%20%27width%3D620%2Cheight%3D430%2Cresizable%3Dyes%2Ctoolbar%3Dyes%2Cstatus%3Dyes%2Cscrollbars%3Dyes%2Cmenubar%3Dyes%2Cdirectories%3Dyes%2Clocation%3Dyes%2Cdependant%3Dno%27%2C%20false%2C%20true%29%3B"" title=""http://Sansureglobal.com (New Window)"">http://Sansureglobal.com</a>",China,Research Use Only (RUO),Unknown,Molecular,"NAT reagent kit – open source",Unknown,Lab-based,Unknown
Monkeypox virus Nucleic Acid Diagnostic Kit (PCR-Fluorescence Probing),Sansure Biotech Inc.,"<a href=""javascript:openPopupFocus%28%27http%3A%2F%2Fwww.sansure.com.cn%27%2C%20%27_blank%27%2C%20620%2C%20430%2C%20%27width%3D620%2Cheight%3D430%2Cresizable%3Dyes%2Ctoolbar%3Dyes%2Cstatus%3Dyes%2Cscrollbars%3Dyes%2Cmenubar%3Dyes%2Cdirectories%3Dyes%2Clocation%3Dyes%2Cdependant%3Dno%27%2C%20false%2C%20true%29%3B"" title=""http://www.sansure.com.cn (New Window)"">http://www.sansure.com.cn</a>",China,Regulatory Achieved,CE-IVD,Molecular,"NAT reagent kit – open source",MPX F3L gene,Lab-based,Nasopharyngeal swab; Oropharyngeal swab; Serum; Whole Blood; Lesion crusts; Lesion fluid; Other
Monkeypox Virus PCR Kit,Bioactiva diagnostica GmbH ,"<a href=""javascript:openPopupFocus%28%27http%3A%2F%2Fbioactiva.com%27%2C%20%27_blank%27%2C%20620%2C%20430%2C%20%27width%3D620%2Cheight%3D430%2Cresizable%3Dyes%2Ctoolbar%3Dyes%2Cstatus%3Dyes%2Cscrollbars%3Dyes%2Cmenubar%3Dyes%2Cdirectories%3Dyes%2Clocation%3Dyes%2Cdependant%3Dno%27%2C%20false%2C%20true%29%3B"" title=""http://bioactiva.com (New Window)"">http://bioactiva.com</a>",Germany,Research Use Only (RUO),Unknown,Molecular,"NAT reagent kit – open source",Other,Lab-based,Purified DNA
Monkeypox Virus Real Time PCR Kit,"Bioantibody Biotechnology Co., Ltd.",-,China,Regulatory Achieved,CE-IVD,Molecular,"NAT reagent kit – open source",MPX F3L gene,Lab-based,Serum; Lesion fluid
Monkeypox Virus Real Time PCR Kit,Creative Biogene,"<a href=""javascript:openPopupFocus%28%27http%3A%2F%2Fcreative-biogene.com%27%2C%20%27_blank%27%2C%20620%2C%20430%2C%20%27width%3D620%2Cheight%3D430%2Cresizable%3Dyes%2Ctoolbar%3Dyes%2Cstatus%3Dyes%2Cscrollbars%3Dyes%2Cmenubar%3Dyes%2Cdirectories%3Dyes%2Clocation%3Dyes%2Cdependant%3Dno%27%2C%20false%2C%20true%29%3B"" title=""http://creative-biogene.com (New Window)"">http://creative-biogene.com</a>",United States,Research Use Only (RUO),Unknown,Molecular,"NAT reagent kit – open source",Unknown,Lab-based,Serum; Lesion fluid
Monkeypox Virus Real Time PCR Kit,Genekam,"<a href=""javascript:openPopupFocus%28%27http%3A%2F%2Fgenekam.de%27%2C%20%27_blank%27%2C%20620%2C%20430%2C%20%27width%3D620%2Cheight%3D430%2Cresizable%3Dyes%2Ctoolbar%3Dyes%2Cstatus%3Dyes%2Cscrollbars%3Dyes%2Cmenubar%3Dyes%2Cdirectories%3Dyes%2Clocation%3Dyes%2Cdependant%3Dno%27%2C%20false%2C%20true%29%3B"" title=""http://genekam.de (New Window)"">http://genekam.de</a>",Germany,Research Use Only (RUO),Unknown,Molecular,"NAT reagent kit – open source",Unknown,Lab-based,Unknown
Monkeypox Virus Real Time PCR Kit,"Jiangsu Bioperfectus Technologies Co., ltd.","<a href=""javascript:openPopupFocus%28%27http%3A%2F%2Fbioperfectus.com%27%2C%20%27_blank%27%2C%20620%2C%20430%2C%20%27width%3D620%2Cheight%3D430%2Cresizable%3Dyes%2Ctoolbar%3Dyes%2Cstatus%3Dyes%2Cscrollbars%3Dyes%2Cmenubar%3Dyes%2Cdirectories%3Dyes%2Clocation%3Dyes%2Cdependant%3Dno%27%2C%20false%2C%20true%29%3B"" title=""http://bioperfectus.com (New Window)"">http://bioperfectus.com</a>",China,Regulatory Achieved,CE-IVD,Molecular,"NAT reagent kit – proprietary platform",MPX F3L gene,Lab-based,Nasopharyngeal swab; Serum; Whole Blood; Lesion crusts; Lesion fluid; Tonsillar swab
Monkeypox Virus Real Time PCR Kit - Veterinary Use Only,"Jiangsu Bioperfectus Technologies Co., ltd.","<a href=""javascript:openPopupFocus%28%27http%3A%2F%2Fbioperfectus.com%27%2C%20%27_blank%27%2C%20620%2C%20430%2C%20%27width%3D620%2Cheight%3D430%2Cresizable%3Dyes%2Ctoolbar%3Dyes%2Cstatus%3Dyes%2Cscrollbars%3Dyes%2Cmenubar%3Dyes%2Cdirectories%3Dyes%2Clocation%3Dyes%2Cdependant%3Dno%27%2C%20false%2C%20true%29%3B"" title=""http://bioperfectus.com (New Window)"">http://bioperfectus.com</a>",China,Regulatory Achieved,Unknown,Molecular,"NAT reagent kit – open source",MPX F3L gene,Lab-based,Serum; Other
Monkeypox Virus Real Time PCR Reagent III/IV,Liferiver Bio-Tech (United States) Corp.,"<a href=""javascript:openPopupFocus%28%27http%3A%2F%2Fliferiverbiotech.com%27%2C%20%27_blank%27%2C%20620%2C%20430%2C%20%27width%3D620%2Cheight%3D430%2Cresizable%3Dyes%2Ctoolbar%3Dyes%2Cstatus%3Dyes%2Cscrollbars%3Dyes%2Cmenubar%3Dyes%2Cdirectories%3Dyes%2Clocation%3Dyes%2Cdependant%3Dno%27%2C%20false%2C%20true%29%3B"" title=""http://liferiverbiotech.com (New Window)"">http://liferiverbiotech.com</a>",United States,Regulatory Achieved,CE-IVD,Molecular,"NAT reagent kit – open source",Unknown,Lab-based,Purified DNA
Monkeypox Virus Real Time PCR Reagent kit I/II,Liferiver Bio-Tech (United States) Corp.,"<a href=""javascript:openPopupFocus%28%27http%3A%2F%2Fliferiverbiotech.com%27%2C%20%27_blank%27%2C%20620%2C%20430%2C%20%27width%3D620%2Cheight%3D430%2Cresizable%3Dyes%2Ctoolbar%3Dyes%2Cstatus%3Dyes%2Cscrollbars%3Dyes%2Cmenubar%3Dyes%2Cdirectories%3Dyes%2Clocation%3Dyes%2Cdependant%3Dno%27%2C%20false%2C%20true%29%3B"" title=""http://liferiverbiotech.com (New Window)"">http://liferiverbiotech.com</a>",United States,Regulatory Achieved,CE-IVD,Molecular,"NAT reagent kit – open source",Unknown,Lab-based,Purified DNA
Monkeypox Virus Real-time PCR Kit - Lyophilized Type,"Getein Biotech, Inc.","<a href=""javascript:openPopupFocus%28%27http%3A%2F%2Fen.bio-gp.com.cn%27%2C%20%27_blank%27%2C%20620%2C%20430%2C%20%27width%3D620%2Cheight%3D430%2Cresizable%3Dyes%2Ctoolbar%3Dyes%2Cstatus%3Dyes%2Cscrollbars%3Dyes%2Cmenubar%3Dyes%2Cdirectories%3Dyes%2Clocation%3Dyes%2Cdependant%3Dno%27%2C%20false%2C%20true%29%3B"" title=""http://en.bio-gp.com.cn (New Window)"">http://en.bio-gp.com.cn</a>",China,Regulatory Achieved,CE-IVD,Molecular,"NAT reagent kit – open source",Unknown,Lab-based,Serum; Lesion fluid
Monkeypox Virus Real-time PCR Kit -Non-Lyophilized Type,"Getein Biotech, Inc.","<a href=""javascript:openPopupFocus%28%27http%3A%2F%2Fen.bio-gp.com.cn%27%2C%20%27_blank%27%2C%20620%2C%20430%2C%20%27width%3D620%2Cheight%3D430%2Cresizable%3Dyes%2Ctoolbar%3Dyes%2Cstatus%3Dyes%2Cscrollbars%3Dyes%2Cmenubar%3Dyes%2Cdirectories%3Dyes%2Clocation%3Dyes%2Cdependant%3Dno%27%2C%20false%2C%20true%29%3B"" title=""http://en.bio-gp.com.cn (New Window)"">http://en.bio-gp.com.cn</a>",China,Regulatory Achieved,CE-IVD,Molecular,"NAT reagent kit – open source",Unknown,Lab-based,Serum; Lesion fluid
Monkeypox virus test kit,"BGI PathoGenesis Pharmaceutical Technology Co.,ltd.","<a href=""javascript:openPopupFocus%28%27http%3A%2F%2Fbgi.com%27%2C%20%27_blank%27%2C%20620%2C%20430%2C%20%27width%3D620%2Cheight%3D430%2Cresizable%3Dyes%2Ctoolbar%3Dyes%2Cstatus%3Dyes%2Cscrollbars%3Dyes%2Cmenubar%3Dyes%2Cdirectories%3Dyes%2Clocation%3Dyes%2Cdependant%3Dno%27%2C%20false%2C%20true%29%3B"" title=""http://bgi.com (New Window)"">http://bgi.com</a>",China,Research Use Only (RUO),Unknown,Molecular,"NAT reagent kit – open source",Unknown,Lab-based,Unknown
MPX-RPA assay,"Institute of Microbiology and Virology, Brandenburg Medical School Theodor Fontane","<a href=""javascript:openPopupFocus%28%27http%3A%2F%2Fmhb-fontane.de%27%2C%20%27_blank%27%2C%20620%2C%20430%2C%20%27width%3D620%2Cheight%3D430%2Cresizable%3Dyes%2Ctoolbar%3Dyes%2Cstatus%3Dyes%2Cscrollbars%3Dyes%2Cmenubar%3Dyes%2Cdirectories%3Dyes%2Clocation%3Dyes%2Cdependant%3Dno%27%2C%20false%2C%20true%29%3B"" title=""http://mhb-fontane.de (New Window)"">http://mhb-fontane.de</a>",Germany,Validation,Unknown,Molecular,Cartridge-based processing,MPX G2R gene,near Point of Care,Whole Blood
MPX/OPX Assay on GeneXpert in development,BioGX,"<a href=""javascript:openPopupFocus%28%27http%3A%2F%2Fwww.biogx.com%27%2C%20%27_blank%27%2C%20620%2C%20430%2C%20%27width%3D620%2Cheight%3D430%2Cresizable%3Dyes%2Ctoolbar%3Dyes%2Cstatus%3Dyes%2Cscrollbars%3Dyes%2Cmenubar%3Dyes%2Cdirectories%3Dyes%2Clocation%3Dyes%2Cdependant%3Dno%27%2C%20false%2C%20true%29%3B"" title=""http://www.biogx.com (New Window)"">http://www.biogx.com</a>",United States,Late Stage Development (fully functional prototype),Unknown,Molecular,Cartridge-based processing,OPX E9L; MPX G2R gene,near Point of Care,Lesion crusts; Lesion roof; Lesion fluid
MPXV by LAMP,"National Institute of Infectious Diseases, Japan","<a href=""javascript:openPopupFocus%28%27http%3A%2F%2Fdoi.org%2F10.1002%2Fjmv.21494%27%2C%20%27_blank%27%2C%20620%2C%20430%2C%20%27width%3D620%2Cheight%3D430%2Cresizable%3Dyes%2Ctoolbar%3Dyes%2Cstatus%3Dyes%2Cscrollbars%3Dyes%2Cmenubar%3Dyes%2Cdirectories%3Dyes%2Clocation%3Dyes%2Cdependant%3Dno%27%2C%20false%2C%20true%29%3B"" title=""http://doi.org/10.1002/jmv.21494 (New Window)"">http://doi.org/10.1002/jmv.21494</a>",Japan,Validation,Unknown,Molecular,Cartridge-based processing,MPX ATI gene,Lab-based,Unknown
"Multicolour, multiplex qPCR for the detection of poxviruses",Robert Koch Institute,"<a href=""javascript:openPopupFocus%28%27http%3A%2F%2Fdoi.org%2F10.1016%2Fj.mcp.2009.10.008%27%2C%20%27_blank%27%2C%20620%2C%20430%2C%20%27width%3D620%2Cheight%3D430%2Cresizable%3Dyes%2Ctoolbar%3Dyes%2Cstatus%3Dyes%2Cscrollbars%3Dyes%2Cmenubar%3Dyes%2Cdirectories%3Dyes%2Clocation%3Dyes%2Cdependant%3Dno%27%2C%20false%2C%20true%29%3B"" title=""http://doi.org/10.1016/j.mcp.2009.10.008 (New Window)"">http://doi.org/10.1016/j.mcp.2009.10.008</a>",Germany,Validation,Unknown,Molecular,"NAT reagent kit – open source",Other,Lab-based,Unknown
New Scen Monkeypox IgG/IgM Rapid Test Cassette,"NewScen Coast Bio-Pharmaceutical Co., ltd.","<a href=""javascript:openPopupFocus%28%27http%3A%2F%2Fnewscenbiotech.com%27%2C%20%27_blank%27%2C%20620%2C%20430%2C%20%27width%3D620%2Cheight%3D430%2Cresizable%3Dyes%2Ctoolbar%3Dyes%2Cstatus%3Dyes%2Cscrollbars%3Dyes%2Cmenubar%3Dyes%2Cdirectories%3Dyes%2Clocation%3Dyes%2Cdependant%3Dno%27%2C%20false%2C%20true%29%3B"" title=""http://newscenbiotech.com (New Window)"">http://newscenbiotech.com</a>",China,Research Use Only (RUO),Unknown,Immunoassay,Rapid diagnostic test (strip or cassette),MPX IgG; MPX IgM,True Point of Care,Serum; Plasma; Whole Blood
New Scen Monkeypox IgG/IgM Rapid Test Cassette - self-testing,"NewScen Coast Bio-Pharmaceutical Co., ltd.","<a href=""javascript:openPopupFocus%28%27http%3A%2F%2Fnewscenbiotech.com%27%2C%20%27_blank%27%2C%20620%2C%20430%2C%20%27width%3D620%2Cheight%3D430%2Cresizable%3Dyes%2Ctoolbar%3Dyes%2Cstatus%3Dyes%2Cscrollbars%3Dyes%2Cmenubar%3Dyes%2Cdirectories%3Dyes%2Clocation%3Dyes%2Cdependant%3Dno%27%2C%20false%2C%20true%29%3B"" title=""http://newscenbiotech.com (New Window)"">http://newscenbiotech.com</a>",China,Research Use Only (RUO),Unknown,Immunoassay,Rapid diagnostic test (strip or cassette),MPX IgG; MPX IgM,True Point of Care,Serum; Plasma; Whole Blood
NG-Test Monkeypox virus,NG Biotech,"<a href=""javascript:openPopupFocus%28%27https%3A%2F%2Fwww.ngbiotech.com%2F%27%2C%20%27_blank%27%2C%20620%2C%20430%2C%20%27width%3D620%2Cheight%3D430%2Cresizable%3Dyes%2Ctoolbar%3Dyes%2Cstatus%3Dyes%2Cscrollbars%3Dyes%2Cmenubar%3Dyes%2Cdirectories%3Dyes%2Clocation%3Dyes%2Cdependant%3Dno%27%2C%20false%2C%20true%29%3B"" title=""https://www.ngbiotech.com/ (New Window)"">https://www.ngbiotech.com/</a>",France,Research Use Only (RUO),Unknown,Immunoassay,Rapid diagnostic test (strip or cassette),Other,near Point of Care,Lesion fluid; Other
Nucleic Acid Test Kit for Monkeypox Virus (Real-time PCR),Zhuhai Livzon Diagnostics Inc.,"<a href=""javascript:openPopupFocus%28%27http%3A%2F%2Fwww.livzondiagnostics.com%2Fen-us%2F%27%2C%20%27_blank%27%2C%20620%2C%20430%2C%20%27width%3D620%2Cheight%3D430%2Cresizable%3Dyes%2Ctoolbar%3Dyes%2Cstatus%3Dyes%2Cscrollbars%3Dyes%2Cmenubar%3Dyes%2Cdirectories%3Dyes%2Clocation%3Dyes%2Cdependant%3Dno%27%2C%20false%2C%20true%29%3B"" title=""http://www.livzondiagnostics.com/en-us/ (New Window)"">http://www.livzondiagnostics.com/en-us/</a>",China,Regulatory Achieved,CE-IVD,Molecular,"NAT reagent kit – open source",Unknown,Lab-based,Unknown
Orient Gene monkeypox virus nucleic acid detection kit,"Zhejiang Orient Gene Biotech Co., ltd.","<a href=""javascript:openPopupFocus%28%27http%3A%2F%2Forientgene.com%27%2C%20%27_blank%27%2C%20620%2C%20430%2C%20%27width%3D620%2Cheight%3D430%2Cresizable%3Dyes%2Ctoolbar%3Dyes%2Cstatus%3Dyes%2Cscrollbars%3Dyes%2Cmenubar%3Dyes%2Cdirectories%3Dyes%2Clocation%3Dyes%2Cdependant%3Dno%27%2C%20false%2C%20true%29%3B"" title=""http://orientgene.com (New Window)"">http://orientgene.com</a>",China,Regulatory Achieved,CE-IVD,Molecular,"NAT reagent kit – open source",Unknown,Lab-based,Unknown
Orthopox BioThreat Alert,Tetracore Inc.,"<a href=""javascript:openPopupFocus%28%27http%3A%2F%2Ftetracore.com%27%2C%20%27_blank%27%2C%20620%2C%20430%2C%20%27width%3D620%2Cheight%3D430%2Cresizable%3Dyes%2Ctoolbar%3Dyes%2Cstatus%3Dyes%2Cscrollbars%3Dyes%2Cmenubar%3Dyes%2Cdirectories%3Dyes%2Clocation%3Dyes%2Cdependant%3Dno%27%2C%20false%2C%20true%29%3B"" title=""http://tetracore.com (New Window)"">http://tetracore.com</a>",United States,Research Use Only (RUO),Unknown,Immunoassay,Rapid diagnostic test (strip or cassette),Unknown,near Point of Care,Lesion fluid
Orthopoxviruses - LightMix Modular Assay,TIB Molbiol/Roche Diagnostics,"<a href=""javascript:openPopupFocus%28%27http%3A%2F%2Ftib-molbiol.de%27%2C%20%27_blank%27%2C%20620%2C%20430%2C%20%27width%3D620%2Cheight%3D430%2Cresizable%3Dyes%2Ctoolbar%3Dyes%2Cstatus%3Dyes%2Cscrollbars%3Dyes%2Cmenubar%3Dyes%2Cdirectories%3Dyes%2Clocation%3Dyes%2Cdependant%3Dno%27%2C%20false%2C%20true%29%3B"" title=""http://tib-molbiol.de (New Window)"">http://tib-molbiol.de</a>",Germany,Research Use Only (RUO),Unknown,Molecular,"NAT reagent kit – open source",Unknown,Lab-based,Unknown
Orthopoxviruses - LightMix Modular Assay - RUO,TIB Molbiol/Roche Diagnostics,"<a href=""javascript:openPopupFocus%28%27http%3A%2F%2Ftib-molbiol.de%27%2C%20%27_blank%27%2C%20620%2C%20430%2C%20%27width%3D620%2Cheight%3D430%2Cresizable%3Dyes%2Ctoolbar%3Dyes%2Cstatus%3Dyes%2Cscrollbars%3Dyes%2Cmenubar%3Dyes%2Cdirectories%3Dyes%2Clocation%3Dyes%2Cdependant%3Dno%27%2C%20false%2C%20true%29%3B"" title=""http://tib-molbiol.de (New Window)"">http://tib-molbiol.de</a>",Germany,Research Use Only (RUO),Unknown,Molecular,"NAT reagent kit – open source",Unknown,Lab-based,Unknown
PKampTM  Monkeypox Virus Real-Time PCR RUO Kit V1,PerkinElmer,"<a href=""javascript:openPopupFocus%28%27http%3A%2F%2Fperkinelmer.com%27%2C%20%27_blank%27%2C%20620%2C%20430%2C%20%27width%3D620%2Cheight%3D430%2Cresizable%3Dyes%2Ctoolbar%3Dyes%2Cstatus%3Dyes%2Cscrollbars%3Dyes%2Cmenubar%3Dyes%2Cdirectories%3Dyes%2Clocation%3Dyes%2Cdependant%3Dno%27%2C%20false%2C%20true%29%3B"" title=""http://perkinelmer.com (New Window)"">http://perkinelmer.com</a>",United States,Research Use Only (RUO),-,Molecular,"NAT reagent kit – open source",MPX F3L gene,Lab-based,Purified DNA; Lesion fluid
Promotor Monkeypox Virus Real Time PCR Test Kit,"Acon Biotech (Hangzhou) Co., ltd.","<a href=""javascript:openPopupFocus%28%27http%3A%2F%2Faconlabs.com%27%2C%20%27_blank%27%2C%20620%2C%20430%2C%20%27width%3D620%2Cheight%3D430%2Cresizable%3Dyes%2Ctoolbar%3Dyes%2Cstatus%3Dyes%2Cscrollbars%3Dyes%2Cmenubar%3Dyes%2Cdirectories%3Dyes%2Clocation%3Dyes%2Cdependant%3Dno%27%2C%20false%2C%20true%29%3B"" title=""http://aconlabs.com (New Window)"">http://aconlabs.com</a>",China,Research Use Only (RUO),Unknown,Molecular,"NAT reagent kit – open source",Unknown,Lab-based,Oropharyngeal swab; Serum; Lesion crusts; Lesion fluid
Rapid Real time PCR Kit for Monkeypox Virus,"Shenzhen Uni-Medica Technology CO.,ltd.","<a href=""javascript:openPopupFocus%28%27http%3A%2F%2Funimed-global.com%27%2C%20%27_blank%27%2C%20620%2C%20430%2C%20%27width%3D620%2Cheight%3D430%2Cresizable%3Dyes%2Ctoolbar%3Dyes%2Cstatus%3Dyes%2Cscrollbars%3Dyes%2Cmenubar%3Dyes%2Cdirectories%3Dyes%2Clocation%3Dyes%2Cdependant%3Dno%27%2C%20false%2C%20true%29%3B"" title=""http://unimed-global.com (New Window)"">http://unimed-global.com</a>",China,Regulatory Achieved,CE-IVD,Molecular,"NAT reagent kit – open source",MPX F3L gene,Lab-based,Serum; Lesion crusts; Lesion roof; Lesion fluid
Real-time PCR monkeypox virus West African and Congo Basin strain DNA,Centers for Disease Control and Prevention,"<a href=""javascript:openPopupFocus%28%27http%3A%2F%2Fdoi.org%2F10.1016%2Fj.jviromet.2010.07.012%27%2C%20%27_blank%27%2C%20620%2C%20430%2C%20%27width%3D620%2Cheight%3D430%2Cresizable%3Dyes%2Ctoolbar%3Dyes%2Cstatus%3Dyes%2Cscrollbars%3Dyes%2Cmenubar%3Dyes%2Cdirectories%3Dyes%2Clocation%3Dyes%2Cdependant%3Dno%27%2C%20false%2C%20true%29%3B"" title=""http://doi.org/10.1016/j.jviromet.2010.07.012 (New Window)"">http://doi.org/10.1016/j.jviromet.2010.07.012</a>",United States,Validation,Unknown,Molecular,"NAT reagent kit – open source",Other,Lab-based,Unknown
RealStar Orthopoxvirus PCR Kit 1.0 RUO,altona Diagnostics GmbH,"<a href=""javascript:openPopupFocus%28%27https%3A%2F%2Fscope-altona-dx.com%2Fen%2Fproducts%2Freagents%2Frealstar-r-orthopoxvirus-pcr-kits.html%27%2C%20%27_blank%27%2C%20620%2C%20430%2C%20%27width%3D620%2Cheight%3D430%2Cresizable%3Dyes%2Ctoolbar%3Dyes%2Cstatus%3Dyes%2Cscrollbars%3Dyes%2Cmenubar%3Dyes%2Cdirectories%3Dyes%2Clocation%3Dyes%2Cdependant%3Dno%27%2C%20false%2C%20true%29%3B"" title=""https://scope-altona-dx.com/en/products/reagents/realstar-r-orthopoxvirus-pcr-kits.html (New Window)"">https://scope-altona-dx.com/en/products/reagents/realstar-r-orthopoxvirus-pcr-kits.html</a>",Germany,Research Use Only (RUO),Unknown,Molecular,"NAT reagent kit – open source",Unknown,Lab-based,Purified DNA
Recombivirus Monkey Anti-monkeypox IgG ELISA kit,Alpha Diagnostic International,"<a href=""javascript:openPopupFocus%28%27https%3A%2F%2F4adi.com%2F4adi%2Frecombivirus-monkey-anti-monkeypox-igg-elisa-kit-96-tests-quantitative-30363-p.html%27%2C%20%27_blank%27%2C%20620%2C%20430%2C%20%27width%3D620%2Cheight%3D430%2Cresizable%3Dyes%2Ctoolbar%3Dyes%2Cstatus%3Dyes%2Cscrollbars%3Dyes%2Cmenubar%3Dyes%2Cdirectories%3Dyes%2Clocation%3Dyes%2Cdependant%3Dno%27%2C%20false%2C%20true%29%3B"" title=""https://4adi.com/4adi/recombivirus-monkey-anti-monkeypox-igg-elisa-kit-96-tests-quantitative-30363-p.html (New Window)"">https://4adi.com/4adi/recombivirus-monkey-anti-monkeypox-igg-elisa-kit-96-tests-quantitative-30363-p.html</a>",United States,Research Use Only (RUO),Unknown,Immunoassay,Reagent Kit,MPX IgG,Lab-based,Unknown
Reetoo Monkeypox Virus Real Time PCR Kit,"Shenzhen Reetoo Biotechnology Co.,Ltd","<a href=""javascript:openPopupFocus%28%27http%3A%2F%2Fen.reetoo.com%27%2C%20%27_blank%27%2C%20620%2C%20430%2C%20%27width%3D620%2Cheight%3D430%2Cresizable%3Dyes%2Ctoolbar%3Dyes%2Cstatus%3Dyes%2Cscrollbars%3Dyes%2Cmenubar%3Dyes%2Cdirectories%3Dyes%2Clocation%3Dyes%2Cdependant%3Dno%27%2C%20false%2C%20true%29%3B"" title=""http://en.reetoo.com (New Window)"">http://en.reetoo.com</a>",China,Regulatory Achieved,CE-IVD,Molecular,"NAT reagent kit – open source",Unknown,Lab-based,Unknown
Rendu AmpSure Monkeypox virus assay,"Shanghai Rendu Biotechnology Co., ltd.","<a href=""javascript:openPopupFocus%28%27http%3A%2F%2Frdbio.com%27%2C%20%27_blank%27%2C%20620%2C%20430%2C%20%27width%3D620%2Cheight%3D430%2Cresizable%3Dyes%2Ctoolbar%3Dyes%2Cstatus%3Dyes%2Cscrollbars%3Dyes%2Cmenubar%3Dyes%2Cdirectories%3Dyes%2Clocation%3Dyes%2Cdependant%3Dno%27%2C%20false%2C%20true%29%3B"" title=""http://rdbio.com (New Window)"">http://rdbio.com</a>",China,Regulatory Achieved,CE-IVD,Molecular,"NAT reagent kit – open source",Unknown,Lab-based,Unknown
Synthgene monkeypox virus nucleic acid detection kit,"Nanjing Synthgene Medical Technology Co., Ltd.","<a href=""javascript:openPopupFocus%28%27http%3A%2F%2Fsyngenemed.com%27%2C%20%27_blank%27%2C%20620%2C%20430%2C%20%27width%3D620%2Cheight%3D430%2Cresizable%3Dyes%2Ctoolbar%3Dyes%2Cstatus%3Dyes%2Cscrollbars%3Dyes%2Cmenubar%3Dyes%2Cdirectories%3Dyes%2Clocation%3Dyes%2Cdependant%3Dno%27%2C%20false%2C%20true%29%3B"" title=""http://syngenemed.com (New Window)"">http://syngenemed.com</a>",China,Regulatory Achieved,CE-IVD,Molecular,"NAT reagent kit – open source",Unknown,Lab-based,Unknown
TaqManTM Microbial Assay – single tube protocol,ThermoFisher Scientific,"<a href=""javascript:openPopupFocus%28%27https%3A%2F%2Fwww.thermofisher.com%2Fch%2Fen%2Fhome.html%27%2C%20%27_blank%27%2C%20620%2C%20430%2C%20%27width%3D620%2Cheight%3D430%2Cresizable%3Dyes%2Ctoolbar%3Dyes%2Cstatus%3Dyes%2Cscrollbars%3Dyes%2Cmenubar%3Dyes%2Cdirectories%3Dyes%2Clocation%3Dyes%2Cdependant%3Dno%27%2C%20false%2C%20true%29%3B"" title=""https://www.thermofisher.com/ch/en/home.html (New Window)"">https://www.thermofisher.com/ch/en/home.html</a>",United States,Research Use Only (RUO),Unknown,Molecular,"NAT reagent kit – open source",MPX F3L gene; Other,Lab-based,Saliva
Techstar Monkeypox Lyophilized Detection Kit,"Wuxi Techstar Technology Co.,Ltd.","<a href=""javascript:openPopupFocus%28%27http%3A%2F%2Ftechstarbio.com%27%2C%20%27_blank%27%2C%20620%2C%20430%2C%20%27width%3D620%2Cheight%3D430%2Cresizable%3Dyes%2Ctoolbar%3Dyes%2Cstatus%3Dyes%2Cscrollbars%3Dyes%2Cmenubar%3Dyes%2Cdirectories%3Dyes%2Clocation%3Dyes%2Cdependant%3Dno%27%2C%20false%2C%20true%29%3B"" title=""http://techstarbio.com (New Window)"">http://techstarbio.com</a>",China,Regulatory Achieved,CE-IVD,Molecular,"NAT reagent kit – open source",Unknown,Lab-based,Unknown
TestSea Monkeypox Antigen Test kit,"Hangzhou Testsea Biotechnology Co.,ltd.","<a href=""javascript:openPopupFocus%28%27http%3A%2F%2Ftestsealabs.de%27%2C%20%27_blank%27%2C%20620%2C%20430%2C%20%27width%3D620%2Cheight%3D430%2Cresizable%3Dyes%2Ctoolbar%3Dyes%2Cstatus%3Dyes%2Cscrollbars%3Dyes%2Cmenubar%3Dyes%2Cdirectories%3Dyes%2Clocation%3Dyes%2Cdependant%3Dno%27%2C%20false%2C%20true%29%3B"" title=""http://testsealabs.de (New Window)"">http://testsealabs.de</a>",China,Regulatory Achieved,CE-IVD,Immunoassay,Rapid diagnostic test (strip or cassette),Unknown,near Point of Care,Nasal swab
TestSea Monkeypox virus DNA detection kit (PCR fluorescence probing),"Hangzhou Testsea Biotechnology Co.,ltd.","<a href=""javascript:openPopupFocus%28%27http%3A%2F%2Ftestsealabs.de%27%2C%20%27_blank%27%2C%20620%2C%20430%2C%20%27width%3D620%2Cheight%3D430%2Cresizable%3Dyes%2Ctoolbar%3Dyes%2Cstatus%3Dyes%2Cscrollbars%3Dyes%2Cmenubar%3Dyes%2Cdirectories%3Dyes%2Clocation%3Dyes%2Cdependant%3Dno%27%2C%20false%2C%20true%29%3B"" title=""http://testsealabs.de (New Window)"">http://testsealabs.de</a>",China,Regulatory Achieved,CE-IVD,Molecular,"NAT reagent kit – open source",Unknown,Lab-based,Unknown
u-card dx monkeypox virus test,"Guangzhou Wondfo Biotech Co., ltd.","<a href=""javascript:openPopupFocus%28%27http%3A%2F%2FWondfo.com.cn%27%2C%20%27_blank%27%2C%20620%2C%20430%2C%20%27width%3D620%2Cheight%3D430%2Cresizable%3Dyes%2Ctoolbar%3Dyes%2Cstatus%3Dyes%2Cscrollbars%3Dyes%2Cmenubar%3Dyes%2Cdirectories%3Dyes%2Clocation%3Dyes%2Cdependant%3Dno%27%2C%20false%2C%20true%29%3B"" title=""http://Wondfo.com.cn (New Window)"">http://Wondfo.com.cn</a>",China,Regulatory Achieved,CE-IVD,Molecular,"NAT reagent kit – proprietary platform",Unknown,near Point of Care,Unknown
VivaDia Monkeypox Virus Nucleic Acid Detection Kit,"VivaChek Biotech (Hangzhou) Co., ltd.","<a href=""javascript:openPopupFocus%28%27http%3A%2F%2Fvivachek.com%27%2C%20%27_blank%27%2C%20620%2C%20430%2C%20%27width%3D620%2Cheight%3D430%2Cresizable%3Dyes%2Ctoolbar%3Dyes%2Cstatus%3Dyes%2Cscrollbars%3Dyes%2Cmenubar%3Dyes%2Cdirectories%3Dyes%2Clocation%3Dyes%2Cdependant%3Dno%27%2C%20false%2C%20true%29%3B"" title=""http://vivachek.com (New Window)"">http://vivachek.com</a>",China,Regulatory Achieved,CE-IVD,Molecular,"NAT reagent kit – open source",Unknown,Lab-based,Oropharyngeal swab; Whole Blood; Lesion crusts; Lesion roof; Lesion fluid
Wondfo Monkeypox real-timePCR assay,"Guangzhou Wondfo Biotech Co., ltd.","<a href=""javascript:openPopupFocus%28%27http%3A%2F%2FWondfo.com.cn%27%2C%20%27_blank%27%2C%20620%2C%20430%2C%20%27width%3D620%2Cheight%3D430%2Cresizable%3Dyes%2Ctoolbar%3Dyes%2Cstatus%3Dyes%2Cscrollbars%3Dyes%2Cmenubar%3Dyes%2Cdirectories%3Dyes%2Clocation%3Dyes%2Cdependant%3Dno%27%2C%20false%2C%20true%29%3B"" title=""http://Wondfo.com.cn (New Window)"">http://Wondfo.com.cn</a>",China,Regulatory Achieved,CE-IVD,Molecular,"NAT reagent kit – open source",Unknown,Lab-based,Unknown
ZJ Bio-Tech Monkeypox Virus Real Time PCR Kit,"Shanghai ZJ Bio-Tech Co., ltd.","<a href=""javascript:openPopupFocus%28%27http%3A%2F%2Fliferiverbiotech.com%27%2C%20%27_blank%27%2C%20620%2C%20430%2C%20%27width%3D620%2Cheight%3D430%2Cresizable%3Dyes%2Ctoolbar%3Dyes%2Cstatus%3Dyes%2Cscrollbars%3Dyes%2Cmenubar%3Dyes%2Cdirectories%3Dyes%2Clocation%3Dyes%2Cdependant%3Dno%27%2C%20false%2C%20true%29%3B"" title=""http://liferiverbiotech.com (New Window)"">http://liferiverbiotech.com</a>",China,Regulatory Achieved,CE-IVD,Molecular,"NAT reagent kit – open source",Unknown,Lab-based,Unknown
